timestamp,text,like_count,reply_count,author
2019-11-21T10:15:10Z,如果同学们对分解猪那期视频有还印象，就应该记得四伯好多次提到“樱桃肉”，所以这次就决定把一扇五花肉留下来做成“樱桃肉”，由于樱桃肉这种叫法不是很普遍，所以视频中就统一称为红烧肉了，这四川樱桃肉的特点就是不放一滴酱油，全靠用冰糖炒出的糖色，其味型为咸为主甜为辅，没有湖南红烧肉中的辣味或上海红烧肉中的甜为主，所以可以独立称为“四川老式红烧肉”。这样炖煮出来的五花肉，肥而不腻，肉入口即化，特别适合牙口不好的老人或者孩子。希望大家喜欢本期视频！,697,51,美食作家王刚
2020-06-11T21:58:32Z,0:18 旁边是火云邪神,0,0,Fami g
2020-06-11T20:59:10Z,火云邪神是你吗？,0,0,梁杰锋
2020-06-11T18:56:02Z,"Boil,fry,saute..I knew I had the steps right lol",0,0,FROY
2020-06-11T18:52:08Z,"Cool video but, that old man needs to let go of that hairline",0,0,FROY
2020-06-11T17:04:01Z,好漂亮的妹妹😁,0,0,罗子坤
2020-06-11T16:47:13Z,第2020个评论，希望2020年能更好。还有为什么我要在半夜看美食，饿死了🙃🙃,0,0,壹伍
2020-06-11T16:23:13Z,I like this young man.  Most chef YouTuber don't chat whilst doing presentation.  They aren't multi-taskers but this young man is quite versatile.  Moreover his conversation with the elder guy and the other woman reveals that he has a heart and took into consideration the health of the older people when he cook.  I am now a fan.,0,0,P I
2020-06-11T15:29:37Z,哈哈哈，四伯也会打醉拳啊🤣🤣🤣,0,0,Nightlight Walker
2020-06-11T15:29:15Z,哈哈哈，四伯也会打醉拳啊🤣🤣🤣,0,0,Nightlight Walker
2020-06-11T13:39:13Z,祝这位和蔼可亲的老大爷健康长寿！,0,0,Wen Robert.
2020-06-11T13:30:20Z,火云邪神,0,0,Yang Gao
2020-06-11T12:50:19Z,干醉了可以打醉拳，不愧是火云邪神,0,0,James Liu
2020-06-11T12:44:23Z,漆二娃看上去到了谈婚论嫁的年龄了。希望王刚先生可以介绍百万粉丝们！然后从中选出一位精英来娶她吧！大家同意这个意见吗？！,0,0,mimi yao
2020-06-11T08:38:23Z,怎么感觉四伯父有点像 火云邪神！😅,0,0,Manabu Vidalon
2020-06-11T04:57:38Z,漆二娃好靚阿~,0,0,Tony Zhou
2020-06-11T02:30:37Z,72娃好好看,0,0,戰恐局办一秘
2020-06-10T23:01:08Z,这时候的四伯还有头发 后某就没了😂,0,0,Dwight Lin
2020-06-10T22:40:50Z,火云邪神功夫再高，也敌不过刚哥的菜刀。想要降服邪神，就要征服他的味蕾。,0,0,Robin Jacob
2020-06-10T20:23:25Z,忽然覺得抽油煙機真是偉大的發明,0,0,施存謙
2020-06-10T20:07:28Z,狗狗@_@,0,0,小涂
2020-06-10T17:57:43Z,400爷要喝醉打醉拳，火云邪神要现身了！,0,0,YXZ 0537
2020-06-10T16:41:09Z,你这个充其量算是红烧肉，和樱桃肉没啥关系哈。,0,0,dadengpao
2020-06-10T16:29:53Z,为什么不先烧猪皮，洗干净以后再冻起来呢？冻后拿出来再烧猪皮，再泡水，岂不是白冻了？,0,0,Jing Li
2020-06-10T15:32:28Z,这视频都特好，但就是模仿不了，不会颠勺，也没这么牛的火,0,0,xu wang
2020-06-10T12:22:14Z,火云邪神的发型？？😳😳😳,0,0,カケツ
2020-06-10T10:04:08Z,2斤白酒~~我要是在家也这么做，家里报警器能响一通宵~~~~~~~~~~,0,0,K LI
2020-06-10T08:01:35Z,72娃火都烧不起来，要不抽奖把她嫁了吧,0,0,金針渡人
2020-06-10T07:18:55Z,The most important part is obviously taking a shot of baijiu before starting haha,0,0,Edwin Zhou
2020-06-10T06:06:54Z,哈哈围裙太可爱咯,0,0,Zoe Zhao
2020-06-10T04:25:18Z,大師您好 我喜歡您燒的菜 環境超級美麗 加油,0,0,james yang
2020-06-10T02:29:18Z,食物放在三柴版，把喝过瓶盖的酒倒进锅里，好不卫生,0,0,Phyro Wu
2020-06-10T00:45:45Z,有营养的视频，看的明白，比其他什么垃圾装逼好多了。问下楼主，怎样才能让肥肉不腻，如何走油。,0,0,flying rabbit K
2020-06-09T20:50:26Z,为啥要把浮沫捞完,0,0,罗雲
2020-06-09T16:33:54Z,王刚的四伯看起来有点像一部周星驰电影里的角色什么功夫的,0,0,Derick Ong
2020-06-09T14:50:08Z,哈哈，王刚师傅在油管也有号啊,0,0,jt Li
2020-06-09T10:32:36Z,𝑁𝑜𝑖𝑐𝑒,0,0,Jonas Khoo Tianyou
2020-06-09T04:54:45Z,旁边那个不是火云邪神吗,0,0,jinzeng wu
2020-06-09T04:22:41Z,"Uncle can't wait, immediately rushing and eat the pork disregard of how hot the pork was lol",0,0,Edify Salim
2020-06-09T03:52:03Z,火云邪神！,0,0,YQ H
2020-06-09T03:18:32Z,我能不能说那姑娘真漂亮,0,0,Binjie Liu
2020-06-09T01:18:52Z,天啊 大陸能用youtube了嗎？不錯,0,0,MINGKWAN KONG
2020-06-08T18:58:00Z,火云邪神,0,0,Shaojie Tang
2020-06-08T15:53:44Z,禿頭老怪閃邊點,0,0,米蟲總裁
2020-06-08T14:23:54Z,烟太大，很想散开那些烟，挡我看了,0,0,Khai Seen Wong
2020-06-08T11:37:46Z,怎麼我口水直流呢?,0,0,Wenhua Ji
2020-06-08T05:43:45Z,原來糖色要炒到沒味道,0,0,薑泥
2020-06-08T01:36:31Z,Khan.,0,0,Diane Huang
2020-06-07T21:42:18Z,真的是火云邪神！,0,0,zhu long
2020-06-07T20:14:19Z,这是少放一点油么,0,0,xingguo li
2020-06-07T19:03:59Z,怪不得王剛的菜燒的那麼好 師父竟然是火雲邪神大師呀！  為快不破 ！,0,0,刺X侯
2020-06-07T17:51:16Z,吓到⊙∀⊙！了2斤白酒,0,0,刘伟
2020-06-07T16:21:41Z,开头以为四伯后面有棵树,0,0,Gavin Chan
2020-06-07T15:14:15Z,火云邪神。。。。,0,0,His Tiktok
2020-06-07T14:54:30Z,Licking foods in hand while cooking is not good...,0,0,dynamicyadav
2020-06-07T13:47:19Z,王大厨太瘦了，多吃点肉,0,0,Zhiwei Zhang
2020-06-07T12:16:09Z,刚： 加两斤白酒 我：😧 刚：两斤白酒应该是不够的 我：🤯,7,0,thebangisbig
2020-06-07T12:07:03Z,王刚说叠字 扯点葱葱～,0,0,thebangisbig
2020-06-06T14:57:14Z,家有火云邪神，如有一宝,0,0,王小野泰国生活MrYer
2020-06-06T14:02:59Z,刚哥 您这个白酒是多少度的啊 谢谢,0,0,范Dave
2020-06-06T05:47:22Z,刚哥即使不当厨师，也会是个人才啊，文质彬彬的～,0,0,Xiangyu Yin
2020-06-05T21:24:49Z,他洗猪肉用的，你们那儿叫什么？钢丝球？,0,0,Stu_Art2
2020-06-05T10:05:18Z,女朋友真的很可爱，(⊙o⊙),0,1,1산뭉치
2020-06-04T17:58:08Z,師傅為什麼不放大蒜呢？薑一起燉會發酸是明顯嗎？,0,0,stone lee
2020-06-03T18:09:13Z,绝对下饭,0,0,Seol D
2020-06-03T00:34:02Z,全世界的人都会做这种红烧肉。还有什么版权？🤣🤣🤣,0,0,Sarah Jai
2020-06-02T17:55:19Z,Nin hão ma ☕☕,0,0,Rogerio Rocha Da Silva
2020-05-31T23:21:13Z,我以后也要培养我的侄儿去学做菜,0,0,Gorden Chen
2020-05-31T18:01:14Z,七二娃好看,0,0,王金亮
2020-05-31T06:49:34Z,感谢分享,0,0,Sandy 小报童·
2020-05-30T10:00:47Z,王刚也走李子柒的风格了,0,0,坤兑Zhang
2020-05-30T08:28:58Z,终于get到为啥四伯像火云邪神了 哈哈哈哈~~~,0,0,Sunny Woo
2020-05-30T05:03:22Z,我终于知道王师傅用的啥设备了，炒糖色听到了滴一声，应该是索尼相机了，我还纳闷我相机没在录视频咋会有这声音。,0,0,Westlife Carlos
2020-05-28T04:57:50Z,一丨讚,0,0,郭惠蘭
2020-05-28T03:27:56Z,为啥大伙收汁？你自己不会收汁吗？,0,0,啊啊lala
2020-05-27T19:02:09Z,二娃字面是啥意思?,0,0,Tyler kuan
2020-05-27T11:38:48Z,感覺跟想像不一樣耶~,0,0,lala chen
2020-05-27T03:51:43Z,我係香港永久居民 咁你哋當我係 香港居民 =要偷曬我銀行戶口啲資料佢逃稅 咁我咪唔使出街食飯 一出街食飯咪畀人毒死 唔使搵嘢做㗎啦,0,0,Chan Lucky / 三仔 /
2020-05-27T00:43:12Z,火云邪神打醉拳,0,0,Yuhan Li
2020-05-26T09:10:47Z,火雲邪神，是你四伯呀？失敬，失敬 ，吃我一招如來神掌吧！,0,0,林聖皓
2020-05-26T00:59:28Z,这红烧肉一般,0,0,Ming华
2020-05-25T06:32:30Z,乡音未改鬓毛催。  家乡的味道，棒棒哒👍！,0,0,钟佑泉
2020-05-25T04:20:46Z,好食,0,0,Lucky / 三仔 Chan /
2020-05-25T04:20:15Z,先對付ｄ偷產黨 : 唔係做都無用,0,0,Lucky / 三仔 Chan /
2020-05-25T04:18:47Z,2014年起就向香港金融管理局投訴好多次,0,0,Lucky / 三仔 Chan /
2020-05-25T04:16:14Z,家人.朋友失蹤好多年 : 應是假冒詐騙貸款  偷產逃稅  跟蹤暗殺套現    詐騙假保險  > 小心受騙,0,0,Lucky / 三仔 Chan /
2020-05-25T04:11:42Z,好師傅,0,0,Lucky / 三仔 Chan /
2020-05-25T04:10:12Z,1. 燒完毛  2.水刷洗  3.用粉洗,0,0,Lucky / 三仔 Chan /
2020-05-24T13:37:31Z,刚哥手艺真不错啊,0,0,中国河南詹重裕
2020-05-24T05:59:08Z,加点宽粉就成了东北菜哈哈,0,0,Alice Li
2020-05-24T05:50:38Z,这个小妹很漂亮,0,0,Alice Li
2020-05-24T04:33:33Z,怎么家里吃随便点节省用料?家里吃才用足料啊…,0,0,Dick Yoo
2020-05-23T17:36:20Z,王刚我要做你骑妹夫,0,0,苞谷地里的故事
2020-05-23T16:39:44Z,自己也是四川人，但天生吃肥肉恶心（闻到猪油的味道都想吐），回锅肉，烧白，红烧肉，炖的蹄子汤，包子也是有肥肉就难以下咽，实在是无法无法体会其他人对猪肉的感觉。,0,0,ナイ
2020-05-23T16:23:34Z,每次做川菜干辣椒花椒爆香的时候我公寓的烟雾报警器就会响彻云霄...头疼...,0,0,Kevin Noweebs
2020-05-23T05:04:21Z,四川（红烧肉）就是好！👍,0,0,Khi Fatt Chee
2020-05-22T18:03:32Z,四伯终于如愿以偿了，樱桃肉😀,0,0,Ali Wang
2020-05-22T14:17:34Z,闲复杂的同学可以去煮泡面了。没有泡面的同学可以拿起手机点外卖了。,0,0,arc ske
2020-05-19T16:49:11Z,I like how he has his grandfather with him.,0,0,R A
2020-05-17T17:27:16Z,看了我都流口水！,0,0,鋒
2020-05-17T17:11:21Z,Dayımın saçları yanıyor. Dikkat edin.,0,0,H T
2020-05-17T10:41:28Z,介紹要得，有大廚風範。 果然不藏私，讚賞你。,0,0,齊王朝齊
2020-05-17T03:49:53Z,72娃结婚了吗？？😄,0,0,tan eng
2020-05-16T10:38:15Z,I don't like China I love India,0,0,Minakshi Kumari
2020-05-15T18:29:50Z,I like your uncle's hair style. So unique and way personal.😉🙂❤,7,0,alexander lee
2020-05-15T11:18:15Z,放酒的作用是去除杂味吗 还是说其他作用 放这么多,0,0,tao karl
2020-05-15T04:50:47Z,火雲邪神：幹醉了好打醉拳,0,0,Hang Cui
2020-05-14T08:41:53Z,tem que traduzir para português... 😆,0,0,Altair
2020-05-13T12:34:26Z,4:03漆二娃拿指甲挠他啊，看他下次还敢说XD,0,0,Qtloco
2020-05-13T06:17:21Z,感觉这个四伯全是戏啊，哈哈,0,0,HUANG民国
2020-05-13T05:09:37Z,我刚哥也开始走乡村路线了哈,0,0,Alfred Deng
2020-05-11T23:47:02Z,流口水…👍👍👍💪💪💪,0,0,martins wu
2020-05-11T12:03:45Z,二漆娃好漂亮(｡･ω･｡)ﾉ♡，菜好不好吃不重要，只要二漆娃在就好,4,0,Andrea Li
2020-05-10T15:44:14Z,好吃好吃饿,0,0,戴毅凡
2020-05-10T01:51:37Z,好可爱的两只小狗呀🐶,0,0,Ida Shi
2020-05-09T23:06:55Z,火云☁️邪神，你好，别来无恙😂,0,0,卓越
2020-05-09T19:06:56Z,二娃家还缺亲戚吗😂,0,0,Ynghjd Fgbb
2020-05-09T17:02:34Z,加個滷蛋跟豆干進去，完美,0,0,許書彬
2020-05-09T12:18:37Z,终于找到樱桃肉了！！！！,0,0,kebi rayn
2020-05-09T06:07:02Z,4:08,0,0,ᆞ진철ᆞ박
2020-05-09T04:04:19Z,厨艺不怎么样。太普通了。 你倒是说白酒的度数啊 😀,0,0,도도남
2020-05-08T10:44:40Z,妹子不错,0,0,范文山
2020-05-08T09:48:25Z,两斤白酒？,0,0,tom liu
2020-05-08T05:52:40Z,四伯感覺是個很和善的長輩，在視頻裡佔有一席之地,0,0,jennifer lu
2020-05-07T23:07:47Z,火云邪神打醉拳,0,0,Aubrey Gao
2020-05-07T14:20:48Z,👍,0,0,Anna Mangalzhavyn
2020-05-07T14:20:01Z,👍,0,0,Anna Mangalzhavyn
2020-05-07T10:43:39Z,关注你家这个妹子好久了.哈哈,0,0,彭俊林
2020-05-06T21:32:36Z,enter肉(*^_^*),0,0,Heqing Ma
2020-05-06T17:24:50Z,以前人没油吃 现在人怕吃油,0,0,Shan Guan
2020-05-06T17:23:03Z,火都烧不来还敢说是农村人 赞一个,0,0,Shan Guan
2020-05-06T16:59:27Z,The shaolin soccer player?,0,0,Jon Piston
2020-05-06T10:12:53Z,想请问下 为什么肉上面会有蓝色的颜料？,0,1,JohnYAPhotography
2020-05-06T04:29:22Z,老子喜欢上二娃了咋个办嘛？,0,0,lsfy bin
2020-05-05T04:19:45Z,漆二娃好漂亮呀！王刚的围裙好可爱还有小花花哈哈哈,2,0,Lanting Ss
2020-05-03T21:32:54Z,5分26，刚哥，你在自己家做饭的时候，咋个就不放宽油了呢哈哈啊哈哈哈哈哈哈,0,0,y Tseng
2020-05-03T20:38:23Z,好吃,0,0,洪洪水
2020-05-03T15:18:54Z,火云邪神把他的喷火器借给你了...,1,0,绫岚
2020-05-03T14:42:18Z,Test,0,0,Linda Zhu
2020-05-03T13:02:33Z,This white-jui is  hegemonic. Good to drink !,0,0,Hing Yee
2020-05-03T11:15:06Z,想问问王刚老师，酒是用了多少度的酒？  我用了56度的北京二锅头，用了还挺多，结果肉里都是二锅头味儿…   烧的时候还挺危险的，着了两次火，，,0,1,Guangri Yu
2020-05-03T03:27:02Z,我缺的是肉吗 我缺的是刀,0,0,Junjie Feng
2020-05-02T05:58:55Z,在这个视频里面用的方言是什么地方的呢？我想知道哈哈,0,0,어중간
2020-05-02T00:20:47Z,出锅后成色不怎么样呀，这个，感觉很肥。还是喜欢湖南毛氏红烧肉那个样的。,0,0,LIU Yun
2020-05-01T13:23:04Z,咋沒排油煙機！？,0,0,Sabrina Fang
2020-05-01T10:36:33Z,全酒煮肉，絕美味。,0,0,Dona Lue
2020-05-01T01:15:47Z,嗯~安逸,0,0,Milkovv Lin
2020-04-30T07:25:51Z,環境音好療癒  雞啼鳥叫狗狗玩耍  燒菜的聲音  好用心的影片,0,0,npplaypoiuy
2020-04-30T05:49:17Z,双马尾火云邪神，你，爱 了吗,0,0,王辉
2020-04-29T14:15:57Z,这妹子不错,0,0,刘刘肖
2020-04-29T10:58:22Z,你们講的是什么方言啊，,0,0,施寒
2020-04-29T10:05:15Z,我最愛最後一幕，王剛對四伯爺那寵溺的眼神,0,0,陳至明
2020-04-29T07:45:33Z,Apprentice so cute lol,0,0,F L
2020-04-28T07:36:37Z,我小时候回都江堰的奶奶家都不忘烧火 现在在国外一有机会也不忘放火一把。,0,0,william Wang
2020-04-25T21:45:48Z,漆二娃长得还蛮好看的,0,0,Bill__ XGO33
2020-04-25T15:35:59Z,火雲邪神就差空手下鍋拿了，直接放進口裡有夠霸氣～,0,0,Vilhelm Lim
2020-04-25T12:32:59Z,四伯好像火雲邪神,0,0,許永杰
2020-04-24T01:03:09Z,看着很不错,0,0,王烈
2020-04-23T13:54:37Z,火云邪神一开始有点不满意，在怀疑这小子是否真的会做，最后吃到了红烧肉，满意的露出了笑容,1,0,JOHNNY GONG
2020-04-23T12:21:12Z,王剛師傅傳授華農兄弟幾招廚藝吧⋯,0,0,david
2020-04-22T20:11:24Z,刀是真的快,0,0,伊浩然
2020-04-22T18:14:56Z,Podia aproveitar e queimar esses fiapos de cabelo do veio ....kkkkk,0,0,Marcil Silgal
2020-04-22T15:35:48Z,听这个口音，刚哥仁寿那边的吗？,0,0,Jeasn Lee
2020-04-22T11:08:22Z,小姐姐真好看 爱了爱了,0,0,lucas lin
2020-04-22T07:30:37Z,我们这里猪肉便宜，可是姜贵，还种不出来。,0,0,rong rong
2020-04-22T07:06:51Z,我好喜欢铁铲子，健康，没有不锈钢的重金属。,0,0,Charlotte Yan
2020-04-21T13:58:41Z,这个酒有点霸道,0,0,lakura motata
2020-04-21T12:55:38Z,11:45四伯这口水咽的,0,0,jiahua Zhou
2020-04-21T11:27:19Z,0:15 火雲邪神在旁邊默默點火 好搶鏡 很有氣勢！哈哈哈哈,0,0,Ting Liu
2020-04-21T09:16:35Z,這年輕人，行,0,0,帥帥的吉米
2020-04-20T21:05:23Z,那個灶裡頭沒有柴火，火雲邪神坐在裏頭摳腳發點兒內力就能紅燒肉,0,0,Tommy Shyng
2020-04-20T01:18:03Z,我最近做的红烧肉，高压锅闷1.5小时，皮的部分够软烂了，但是为什么肉感觉有些柴？ 我的肉是冷冻肉，解冻的。和肉有关系吗？  我看王师傅的视频也是冷冻的肉啊，很困扰😓,0,1,彩ちゃんの料理
2020-04-19T20:32:14Z,晚上真的不能看，餓😂,0,0,李維
2020-04-19T10:14:46Z,難得看到王剛師傅少油     基本上  餐廳師傅跟家中煮的  是不樣 餐廳要配合客戶重油重調味重味道 自家煮  油阿調味自己要拿捏,0,0,文翔
2020-04-19T05:54:56Z,I like 四伯爷. He's cute,0,0,Nathan Wolf
2020-04-18T23:12:47Z,Wonder how to wash that wok..,0,0,bosco Super
2020-04-18T14:59:00Z,请问放多少度的白酒呢？如果烧两斤肉比例怎么放呢？,0,0,q l
2020-04-18T05:15:04Z,火云邪神有口福噢 👍,0,0,紙飛機
2020-04-18T03:54:52Z,肉好吃不好吃我不知道，喝汤已经醉倒了。,0,0,nett Free
2020-04-18T01:57:02Z,刀真利落,0,0,jeffery huang
2020-04-18T00:26:23Z,炒焦了 ，我们火云邪神咬不动  不开心的哈！,0,0,Tomn wange
2020-04-18T00:01:34Z,手上都是烫伤,0,0,Kaiyi Zhang
2020-04-17T22:20:28Z,两斤白酒加进去。。。确定小孩能吃？？,0,0,JIA LIU
2020-04-17T17:11:27Z,4:07 要把火燒燃當然要找火雲邪神呀～,0,0,Just Some Guy With No Mustache
2020-04-17T14:53:16Z,火。。火云邪神？,0,0,xiao yan
2020-04-17T10:42:06Z,漆二娃太可爱了,0,0,Rabbit King
2020-04-17T07:20:03Z,用料酒可以吗？,0,0,Hao Li
2020-04-17T06:33:04Z,Yummy,0,0,Elbert Balandang
2020-04-16T01:30:27Z,做正宗四川红烧肉，一定要用五粮液，一炖下去一两千没了。,0,0,Mitchell
2020-04-15T01:49:48Z,好喜歡你的視頻啊!實在，親切，又貼切民間生活!謝謝你,0,0,小武
2020-04-15T00:46:17Z,王刚师傅是不是不干大厨，回家做视频啦😂,0,0,木村建一
2020-04-14T18:47:10Z,半夜看饿了,0,0,gege xiao
2020-04-14T13:44:54Z,各位看客集体向邪神敬礼！,0,0,Louis Wang
2020-04-14T07:16:55Z,不错，能请到火云邪神做嘉宾,0,0,吴国平
2020-04-14T03:41:55Z,问一下炒糖色会有点苦味，是太过了吗,0,0,Jim Yang
2020-04-13T22:43:12Z,世界和平靠王刚,1,0,Cao Cong
2020-04-13T13:35:12Z,看了就想盛一碗配飯吃， 真厲害👍,0,0,林清雙
2020-04-13T10:24:52Z,想吃,0,0,リュウセイトウ
2020-04-13T09:21:40Z,水太多了,0,0,Edward Xie
2020-04-13T07:48:25Z,看到这集，好怀念老家的大锅子,0,0,许丹
2020-04-12T19:31:41Z,我猜用酒煮的目的:让香料更充分进入到肉里，因为许多香料更容易溶于酒精，比如香水就是用酒精提取的。哈哈😄！,0,0,tintin cat
2020-04-12T19:19:16Z,这刀有吹毛断发的感觉,0,0,tintin cat
2020-04-12T16:20:28Z,讚,0,0,李信賢
2020-04-12T14:31:25Z,拐求，看得我喝自己口水都喝饱了,0,0,Jo Jo
2020-04-12T14:23:54Z,火云邪神亲自督战,0,0,Jo Jo
2020-04-12T12:24:12Z,朴实的老伯伯,0,0,Haifeng Ye
2020-04-12T10:35:50Z,四川人好心灵手巧，李子柒也是四川滴,0,0,Vinci Lee
2020-04-11T22:39:57Z,这种做法第一次看见，下次回家试试,0,0,毛城
2020-04-11T20:03:16Z,Quem é a moça 3:57 ?,0,0,Matheus
2020-04-11T20:01:04Z,Quem é a moça 1:03 ela é muito bonita 😂,0,1,Matheus
2020-04-11T14:39:47Z,刚哥，不用黄色字幕好吗？有时看不清,0,0,田水
2020-04-11T12:04:31Z,一,0,0,Qicang Zhang
2020-04-11T04:28:40Z,家长总说农村的大铁锅做饭香，可是这个大铁锅怎么洗呢。,0,0,li hang
2020-04-11T03:42:08Z,2:23 Them gonna cook those puppies later for sure lol,0,0,Cedeene Zamael
2020-04-10T20:26:12Z,这种厨房没有抽油烟烧柴火一下子就黑了,0,0,夜雨樱
2020-04-10T17:50:39Z,这太难了……,0,0,Chongfeng Sun
2020-04-09T09:30:47Z,"看四伯爺這燒火，果然是""火""雲邪神",0,0,陳昱豪
2020-04-09T07:13:49Z,两斤白酒，会不会发苦？,0,0,Dafu Zhou
2020-04-08T22:07:09Z,邪神今天貌似不太爽。哈哈。刚哥小心烹饪，以取悦邪神,0,0,普通人都缴智商税
2020-04-08T15:31:08Z,味道非常不错的家常美食，但因为饱和脂肪酸过多，老人和肥胖人士还是尽量少吃为妙,0,0,Publius Flavius
2020-04-08T15:25:32Z,肉都够贵的了，还加2斤酒，这成本也太高了点,0,0,朽木十六夜
2020-04-08T07:04:16Z,太有風味了！,0,0,Chan芝櫻
2020-04-08T03:13:47Z,等我减肥的时候，我每天不吃饭，就天天看着刚哥做饭就解馋了,0,0,ping cui
2020-04-08T00:40:20Z,"我來睇火雲邪神,漆二娃肥美嘎雙手都嘿我鐘意嘎",1,0,wu fu
2020-04-07T14:45:47Z,安个水泵三。,0,0,srs man
2020-04-07T14:31:45Z,少放点油，然后就倒了半瓶。,0,0,Anzo He
2020-04-07T14:06:02Z,火云邪神在边上指导 要得🉐,0,0,刘建东
2020-04-07T13:19:02Z,手里的泡面突然就不香了,0,0,毛武林
2020-04-07T10:00:14Z,好奇問一下 王剛跟子柒說的是一樣的方言嗎🤣🤣,0,1,小祥
2020-04-07T07:59:35Z,跟我家長輩 教下來的做法大致是一樣的 差別就切的大小塊 還有加的酒不同 花雕 紹興  一樣是不加水的。,0,0,美茜
2020-04-07T07:54:59Z,邪神致敬,0,0,Ailia Trolley
2020-04-07T06:13:38Z,巴适的很。,0,0,彭丽媛
2020-04-06T12:18:44Z,这两盘肉下去，火云邪神胆固醇可能要上升一点~,0,0,陈里克
2020-04-06T07:49:07Z,听口音像事织供的，鸡尔噢,0,0,何二当家
2020-04-06T07:31:14Z,四伯爷醉了就打蛤蚂功喽  哪里还有醉拳,0,0,Rico Unprofessional
2020-04-06T06:09:20Z,"火雲邪神: 我不猜六斤 也不猜七斤 我猜六,七斤  答案: 六斤半",12,0,hk jen
2020-04-05T21:11:31Z,4:23 他。。。倒进去了。。我还以为要倒一瓶下去才先抿一口来着,0,0,Shawn Lee
2020-04-05T15:13:01Z,这妹子干活的  城里人拔完葱都不拷打土的,0,0,张昕
2020-04-05T15:10:12Z,住的地方也好安逸,0,0,张昕
2020-04-05T09:34:09Z,他問四伯：切成麻將牌大小可以嗎？ 哈哈哈,0,0,Pei Tai
2020-04-05T08:17:42Z,就爱看大伯,0,0,那晓文
2020-04-05T07:56:47Z,你老婆挺漂亮的呢,0,0,解放军舆论战中心五毛总指挥
2020-04-05T07:51:52Z,这叫少放一点油？润锅就行？,0,0,jitao he
2020-04-05T07:01:13Z,我想请问一下 在一般家里做红烧肉 烧肉40分钟那个环节是大火还是中火啊？,0,0,Yujing Lei
2020-04-05T03:30:54Z,旁邊那位是周星馳電影裡的火雲邪神嗎?,0,0,世間已無真愛!!
2020-04-05T03:21:01Z,你这个火云邪神四伯爷可真是太喜欢吃肉了,0,0,财神 My life in Rasa
2020-04-05T02:39:08Z,聪聪娃还是个小美女,2,0,tang walter
2020-04-04T22:02:34Z,神了 我感觉透过电视屏幕 那烟飘到我脸上  我都闻到味了,0,0,GE LINING
2020-04-04T19:45:29Z,漆二娃好搞笑 挺可爱，希望能多上镜：）,25,0,Siyu Zhou
2020-04-04T16:54:37Z,刀是哪里买的。,0,0,Bikani B
2020-04-04T16:22:28Z,男宝宝不是应该穿蓝色的围裙吗？,0,0,Qing Wu
2020-04-04T14:24:11Z,我滴妈这油烟，菜籽油？？之前家里弄了一壶菜籽油，炒菜贼香，就是油烟大。。,0,0,代凹凸
2020-04-04T14:13:11Z,天下武功唯快不破！出锅肉让它还没来得反应过来就进嘴里！让它来不及烫,0,0,妙樂
2020-04-04T10:01:22Z,白酒是米酒嗎？,0,0,肉包
2020-04-04T08:59:56Z,我刚想问厨师长 干嘛炖40分钟 噢原来是给老人吃滴 四伯好口福啊,1,0,island 1763
2020-04-04T08:48:51Z,还是农村做得好吃 农村厨房锅大炉子大 就是不一样,3,0,island 1763
2020-04-04T02:54:14Z,0:44 超小廚: 這個時候還是要採用鋼絲球技術,1,0,嘴神再臨
2020-04-03T22:53:18Z,正真的原生态食材，原汁原味。看看也过瘾👍👍👍,0,0,wen jin
2020-04-03T18:34:40Z,Que delícia!!!,0,0,Vanessa Gonçalves
2020-04-03T17:36:18Z,我在等四伯講：安逸 非常安逸,0,0,chiang kobe
2020-04-03T13:03:22Z,现在才知道 王刚家也没宽油,0,0,刘访华
2020-04-03T07:51:27Z,來台灣,0,0,陳建平
2020-04-03T07:23:58Z,好吃,0,0,美國德州牛仔TV
2020-04-03T06:36:11Z,Just started chef Wang Gang for a few weeks. I love the way you cook and take care of your family. I am going to try some of your techniques.,13,0,mb
2020-04-03T02:55:50Z,漆二娃是个美女哦～～～～～  我女儿表示不赞成。。。。,13,0,Constantine Mao
2020-04-02T19:53:27Z,你妹妹好漂亮 可以当老婆,0,1,快闪
2020-04-02T19:47:50Z,"漆二娃  火都燒不燃 還說自己是農村人  , 現在農村人都燒瓦斯了吧!!",0,0,Newjohnpc Pc
2020-04-02T17:01:55Z,少放一點油...結果放了半碗油,0,0,維尼熊
2020-04-02T16:27:31Z,這個油煙感覺都要窒息了,0,0,李秉威
2020-04-02T13:07:19Z,2:47 四伯爷就是一杆活称,8,1,Midnight Stranger
2020-04-02T10:19:50Z,我都想食呀！,0,0,MeiYuk Ip
2020-04-02T09:54:39Z,我覺得四伯很像火雲邪神.....,0,0,Yen-Ting Chen
2020-04-02T06:33:33Z,火云邪神，,0,0,BassBoost2020
2020-04-01T23:32:29Z,加拿大疫情出不了门，只能看王刚老师做菜呜呜呜,0,0,Jedi Knight
2020-04-01T22:25:05Z,好久没听过家乡话了，真是亲切。,0,0,LJ W
2020-04-01T18:58:48Z,刚哥 我学你拿手指尝糖色 烫了一个大水泡,156,8,Wayne C
2020-04-01T13:49:26Z,剛廚，在家裡要有這種專業大鍋真的太難了。,0,0,Lelf Hsiao
2020-04-01T12:49:29Z,这么多白酒……做出来的酒精味不冲死人,0,0,sofiz fan
2020-04-01T12:19:55Z,以前戰候配置物資很貴五斤425原 物價目前1200元目前市場調整重斤價格,0,1,陳柏勳
2020-04-01T12:14:22Z,芠主豬肉 鄭乳專門發明主將炙燒,0,0,陳柏勳
2020-04-01T11:34:43Z,四伯的发型很酷😝,0,0,喵喵
2020-04-01T07:13:14Z,那個妹子可以！,0,0,五億富翁
2020-04-01T07:11:49Z,👍🏻👍🏻👍🏻,0,0,beini mi
2020-04-01T06:05:22Z,好想吃啊,0,0,Ming Huey Chun
2020-04-01T03:21:47Z,四伯試吃的臉就是療癒,0,0,Gavin
2020-04-01T01:33:22Z,四伯爷，是你爸爸么？为什么这么叫他？哈哈哈哈,0,0,zhicheng wang
2020-03-31T16:11:02Z,Espero que seja barrigada de porco kkkk,0,0,Ricardo Gibb
2020-03-31T15:23:43Z,二娃你干啥呢  烧火还要看师傅眼色。。。,0,0,天将奔烈
2020-03-31T03:12:45Z,😋😊,0,0,Sebastian Cano Saldarriaga
2020-03-30T18:29:20Z,這個人態度有點不好,0,0,Hohin Ho
2020-03-30T09:17:03Z,怎麼漆二娃的鏡頭那麼少⋯⋯,0,0,Ray Ho
2020-03-30T06:16:53Z,蛤蟆神功第一式！,0,0,阿叉-雞八
2020-03-30T03:28:27Z,200块钱的猪肉配2斤白酒 豪气,0,0,carson zhang
2020-03-30T01:57:45Z,扯点葱葱,0,0,ming cong
2020-03-30T00:20:45Z,人间烟火气，最抚凡人心,0,0,Xiang Zhang
2020-03-29T19:57:07Z,不放酱油，而用糖上色算不上太传统，因为这个方法是毛泽东的御厨程汝明发明的，因为毛泽东不爱吃酱油的味道，但却特别爱吃红烧肉，本来是不用上色的，但厨师嘛，都讲究精益求精，所以程汝明就想出了把糖炒焦上色的方法。今天的湘菜里还有一道毛氏红烧肉，就是借用的这个故事。,0,0,Bulink
2020-03-29T19:26:05Z,长期下调料的人对于克数基本掌握的很准，酱肉时候炒香料比较多，密度都不一样，十克辣椒和十克香茅草差很多，所以你看他随便弄，其实差不多是对的。,0,0,市井小民一个
2020-03-29T05:59:33Z,好吃不上火！,0,0,许小猛
2020-03-28T13:22:02Z,厨师长不做，回家自己做视频了啊？,0,0,华紫云
2020-03-28T13:14:26Z,是不是只有我一个人全程一直在看花背心儿？？？,0,0,昕视角Xvision
2020-03-28T12:04:47Z,骚气的红围单,0,0,Weber Webber
2020-03-28T11:22:02Z,刚哥这是你老家吗？ 感觉环境还不错👍,0,0,Calvin Feng
2020-03-28T05:54:05Z,二娃是剛哥妹妹嗎,0,0,Moo Ya Body
2020-03-28T01:35:24Z,我就喜欢不会烧火的农村女孩  😁😁😁,1,0,小林。。
2020-03-27T12:04:28Z,Is she your wife ? 1:10,0,0,Menea CHRICH
2020-03-27T07:57:25Z,现在在北京北漂，虽然自己不做菜，但是也喜欢看你的视频，视频里的风土人情，总能让我想起了我的家乡，满满的归属感。,0,0,Cotton Liang
2020-03-27T06:51:55Z,毛泽东的红烧肉味道,0,0,Lubov Yang
2020-03-26T19:29:45Z,你旁边是传说中的“火云邪神”吗。,11,0,桐生
2020-03-26T19:23:08Z,"0:50 in europe this type of sponge is prohibited to been use in the kitchen with food, even to clean! beacause of the big number of people eating little parts of eat without noticing and having really bad health problems.",1,2,manday1993
2020-03-26T13:16:03Z,Chef Wang can you cook for us hehe..,0,0,Rheasel Gumapac
2020-03-26T08:04:40Z,田园风,0,0,Tiger Shuen
2020-03-26T03:03:17Z,咋不从养猪开始教咧？,0,0,lesley bao
2020-03-25T06:50:18Z,真是美食界的专业作家！,0,0,水灵灵Water spirit
2020-03-24T22:18:35Z,聽你再叭噗嘞，都苦了,0,0,王國雄
2020-03-24T13:22:59Z,"eres un fenomeno, amigo",0,0,Constantino Nuñez
2020-03-23T17:03:22Z,二娃也太好看了吧！,2,0,陈鹏
2020-03-23T12:32:51Z,為什麼要吃屎🤔,0,1,黃昭閔
2020-03-23T11:45:45Z,前后看了三遍 彻底学习到了精髓！谢谢 王刚老师,2,0,Mh Sander
2020-03-23T09:06:26Z,不用白酒用红酒可以吗,0,1,hoho ho
2020-03-22T22:44:37Z,视频里的妹子好水灵，是美食家太太还是亲戚啊？,0,0,Vincent Bai
2020-03-22T12:58:33Z,喝醉了好打醉拳😂😂,0,0,Путин владимир
2020-03-22T11:00:27Z,"王剛師傅,你的相格好,人很好,多胖╴點財運更好",0,0,ling tsui
2020-03-22T09:37:31Z,漆二娃是王剛的姪女?,0,0,丁友庭
2020-03-22T00:16:42Z,四伯是火云邪神本体嘛,0,0,Yuhan Wu
2020-03-21T19:27:23Z,有新疆椒痳鸡的做法不？王师谢谢想学一下,0,0,hongliang Gan
2020-03-21T13:25:18Z,厉害 支持你的视频,0,0,Yang Sun
2020-03-20T18:03:02Z,这简直是厨师界的易烊千玺嘛！,4,0,Jie Lu
2020-03-20T16:11:23Z,火云邪神与宽油怪,0,0,Ailovsea
2020-03-20T11:09:53Z,白酒的度数高建议不要放进塑料瓶里,0,0,leozhang zhang
2020-03-20T09:11:36Z,好漂亮哦!~不知不覺讓我懷念起母親~~,0,1,Nico Nico
2020-03-20T03:01:08Z,漆二娃 是谁啊,0,0,Lean Wen Jie
2020-03-19T23:23:41Z,这期影片我感觉能下好几碗白饭， yummy,1,0,Feng Lee
2020-03-19T11:27:04Z,猪肉好像有些蓝色 那是什么？,0,1,Joen Ng
2020-03-19T02:07:44Z,火。火云邪神？,0,0,Thania Montana
2020-03-18T21:01:04Z,是谁乱发问，又让王刚水了一期视频,0,0,Frank Tang
2020-03-18T05:39:40Z,來碗飯多好的菜阿,1,0,我想想
2020-03-18T04:28:01Z,这个围裙上的花边真可爱！,0,0,Miaomiao Zhao
2020-03-17T11:07:51Z,"*嫌猪肉贵的同学, 可以用樱桃代替......嫌樱桃也贵的同学, 可以用西北风代替*",0,0,culinary world
2020-03-17T08:24:18Z,给王刚点个赞👍,0,0,澳洲小霍
2020-03-16T12:36:35Z,喜欢漆二娃！,0,0,No name
2020-03-16T11:54:55Z,在酒店的时候天天宽油，到了家里知道节约了。,0,0,朱日和利剑
2020-03-16T09:13:52Z,火云邪神是他么？,0,0,无此之人
2020-03-16T08:59:32Z,如果可以大概丈量一下糖和盐的分量就更好了，自己把握不住量,0,0,jh g
2020-03-16T00:01:02Z,幸福满满满满的感觉！,6,0,Clare Cao
2020-03-15T21:51:39Z,男神,0,0,James Zhang
2020-03-15T19:54:06Z,这种烧柴大锅做出来的饭菜格外好吃,0,0,yange jiang
2020-03-15T16:54:27Z,Uncle Ji is very humble,0,0,Lovely
2020-03-15T14:09:05Z,Video của a rất hay .mặc dù em không hiểu được anh nói,0,0,Xu Nguyen
2020-03-15T14:08:31Z,一块好肉·,0,0,wolfintn
2020-03-15T13:11:50Z,二娃乖   我喜欢二娃,0,0,yu Yang
2020-03-14T05:57:47Z,2斤白酒！！！,1,0,maronthehill
2020-03-13T16:38:46Z,你家是哪的啊？我姥姥还在时，就特别喜欢吃樱桃肉。,0,0,Colin Lee
2020-03-13T15:01:35Z,红土，挺好的,0,0,关永博
2020-03-13T14:07:38Z,火雲邪神在旁教導,0,0,ar1hk
2020-03-13T12:45:21Z,这红烧肉远比我想象的复杂。。。,0,0,好人三峡
2020-03-13T12:42:32Z,给大家推荐一个多功能切菜神器，有了它再也不会被菜刀切到手了！  https://s.click.taobao.com/BYoFOnv,0,0,投机剑客
2020-03-13T09:34:54Z,6斤肉两斤白酒？吓人,0,1,geliang zhu
2020-03-13T05:26:40Z,火雲邪神原來去王剛那了,1,0,Raymond Teng
2020-03-13T04:59:51Z,好想把二娃娶回家,0,0,碰我就碎
2020-03-13T03:49:32Z,2:30 邪神年輕時神功未成，所以吃比較少是正常的,0,0,Fred
2020-03-13T03:45:23Z,好白的牙齿,0,0,激吻森
2020-03-12T18:02:34Z,你是最棒的！！！！,2,0,mjeangriffin
2020-03-12T17:05:34Z,謝謝王師傅,0,0,ngai fai
2020-03-11T21:17:52Z,very good cooking chef,0,0,Ben Kos
2020-03-11T14:46:27Z,没有味道.....原来煮菜有时不需要味道～呵呵,0,0,Sicheng Chong
2020-03-11T11:53:37Z,二娃 我关注你好久了。 有男朋友吗？,0,0,model Fitness
2020-03-11T05:44:43Z,这个尺寸是车厘子红烧肉,0,0,wzguitar
2020-03-11T03:22:32Z,為什麼王剛要變到外面做菜阿 感覺不太衛生,1,0,as Eli
2020-03-10T20:26:24Z,我认为红烧肉是世界上最好的菜. 我说完了谁赞成谁反对,0,0,alex liu
2020-03-10T17:19:33Z,火云邪神站旁边，做菜需要露着天，刚哥开锅把肉做，火云邪神吃着鲜.,0,0,Akira Fujisaki
2020-03-10T14:50:33Z,72娃名字好可爱。,0,0,angel tao
2020-03-10T12:48:54Z,所以紅燒肉不用放醬油??冰糖就可以了??也沒有櫻桃??神了...,0,0,唐蘇菲
2020-03-09T22:40:07Z,这块姜在悉尼要3块钱,0,0,Zhiqi Liu
2020-03-09T22:38:16Z,厨师长是不是有跳槽了,0,0,Zhiqi Liu
2020-03-09T10:45:39Z,打醉拳,1,0,花コクケイ
2020-03-09T05:07:05Z,火云邪神要打醉拳了！,0,0,文天
2020-03-09T03:31:34Z,王刚，建议你加个水塔，把自来水系统建立起来，很简单。只要你家有电，安装一个水泵,0,0,TONY LI
2020-03-08T22:39:02Z,竟然是4K的~~~~,1,0,yj chen
2020-03-08T20:38:50Z,4:03  刚：火都烧不燃还说自己是农村人 娃：(*≧ω≦),122,0,Utavin Zo
2020-03-08T16:08:27Z,所以说家里有个厨师，全家人跟着享福啊😀😀😀,0,0,千曲時雨
2020-03-08T08:37:04Z,王剛給火雲邪神吃燒肉，他會教你蛤蟆功,4,0,en k
2020-03-08T05:54:35Z,不愧为火云邪神,0,0,李超豪
2020-03-08T05:23:14Z,大哥您用的炒菜油太黑了好可怕耶！,0,1,James Chen
2020-03-08T02:57:26Z,"Great seeing you, your uncle, and your family again. I’ve missed a few episodes, but hope everyone is in good health.",0,0,Tmidiman
2020-03-08T00:30:09Z,"Love Winnie’s propaganda videos!  Keep them coming!  Maybe someday when the Chinese people are free, they can watch YouTube and enjoy your recipes!  Until then, we Westerners will continue to swallow your government’s bullshit without question....",0,0,Fred Neecha
2020-03-07T21:23:09Z,"Mas rapaz, não entendo porra nenhuma do que você fala...mas vejo tudo, parabéns pelo canal!!! Um abraço do Brasil!",0,0,Rafael Barbosa
2020-03-07T17:46:42Z,這個四伯爺真是太可愛了。,0,0,Whisky Papa
2020-03-07T13:16:22Z,四伯爺: 嘿嘿,0,0,PJ
2020-03-07T10:25:33Z,二娃？哈哈,0,0,DAN BEAR
2020-03-07T10:24:44Z,刚哥，你二伯家的油和酒不要用塑料瓶子装。非常不健康。换个玻璃瓶子把。,0,0,James Guan
2020-03-07T06:11:31Z,厲害,0,0,冬農
2020-03-06T22:47:37Z,這是什麼油?一入鍋就起煙。很不好喔！,0,0,哥就是帥
2020-03-06T21:25:13Z,那个狗好可爱,0,0,剑影之城副团长
2020-03-06T19:49:42Z,Traduz pra português vc ia conseguir muitos mais seguidores,0,0,Alex Borges
2020-03-06T17:15:28Z,小姐姐 挺好看的啊      那位大爷火云邪神的既视感,0,0,哥鸢
2020-03-06T16:45:18Z,为什么b站没这视频,0,0,Marcel Zeng
2020-03-06T14:37:39Z,熊熊一看以為火雲邪神會做菜！,0,0,Rax Lin
2020-03-06T12:52:19Z,火雲邪神又出現拉!!,0,0,Jack Chang
2020-03-06T12:20:39Z,我是来看火云邪神头型来的,0,0,dilei da
2020-03-06T11:35:42Z,老爷爷真像~陈真~火🔥云☁邪神🤗🤗🤗,1,0,金씨네
2020-03-05T23:01:43Z,krona viruc hahaha,0,0,Abdulwali Afzal
2020-03-05T22:17:19Z,二娃有对象了没得？ :D,0,0,jojo5544
2020-03-05T16:39:29Z,王剛好幸福好孝順呀~🥰🥰🥰🥰🥰🥰真實感的人👍👍棒台灣人的我家人👪很喜歡觀👀您的手藝及日常生活圈的話題,2,0,陳宣合
2020-03-05T15:45:11Z,翻墙出来看炒菜,0,0,Keep a Mentality
2020-03-05T13:07:53Z,二娃兒被唸了!!!農村人~呵呵呵,0,0,jacky chang
2020-03-05T11:46:11Z,等等，那个盆不是四伯用来洗衣服的嘛？,0,0,Weigeng Lian
2020-03-05T00:53:30Z,为什么随便抓一个四川妹子都是这么好看的，太不公平了！！！！,0,0,名侦探小新
2020-03-04T23:44:35Z,我一直以为王刚是广西的。今天一听口音，怎么有点像自贡的，结果就是自ZHI贡哈哈,0,0,Lei W
2020-03-04T18:03:36Z,火云邪神真帥,0,0,j kk
2020-03-04T17:36:56Z,盐往手里倒两把跟我们说刚刚好😭，你是不是太高估我们了,1,0,Lindsay Kerr
2020-03-04T16:55:25Z,好饿啊,0,0,WANG WANG
2020-03-04T13:35:33Z,四叔像不像火云邪神？,0,0,men liu
2020-03-04T09:02:29Z,Another one of my favorite dishes ❤️👍 Uncle is so lucky~ he gets to eat so much yummy food,1,0,Elaine Chow
2020-03-04T06:12:57Z,挖靠.四伯好像火雲邪神..我台灣的,0,0,林耕弘
2020-03-04T00:22:09Z,在搞点洋芋坨坨安逸得很！！！！,0,0,王王浩
2020-03-03T19:13:46Z,我也喜欢中式大片刀，不过自家用我都是用日本产的中型片刀,0,0,"天佑中华,自强不息"
2020-03-03T16:35:32Z,有没有觉得四伯爷像火云邪神,0,0,jiazhen wang
2020-03-03T15:08:54Z,背景真美，可惜會不會多蚊！！！！？？？？,3,0,tim ng
2020-03-03T12:09:52Z,香,0,0,fangfang robert
2020-03-03T05:50:04Z,打人都沒力還說自己是黑社會,0,0,高聖馮
2020-03-03T03:19:15Z,用高压锅的怎么做？,0,0,Dogtr Bee
2020-03-03T01:16:43Z,为毛她是女的而叫二娃,0,0,美国圣地亚哥农业集团党委书记
2020-03-02T14:59:15Z,这个盐不能太多 也不能太少,0,0,North KC
2020-03-02T13:45:49Z,阿伯你太像火云邪神了，不要化妆,0,0,osman wang
2020-03-02T13:12:48Z,"我不理解啊~~ 所以正宗的紅燒肉是本來就不用醬油的嗎? 到現在還沒搞懂""老抽""、""生抽""、""醬油""的差別",1,1,Jacob雅各
2020-03-02T11:28:34Z,the old bastard can cut this 4 hair in his head xD he looks pathetic,0,0,Rorschach
2020-03-02T04:50:02Z,火云邪神还要再打十头猪,0,0,Blood mark
2020-03-02T01:34:01Z,王刚哥哥，你是内江的啊,0,0,罗霄
2020-03-01T18:36:49Z,二娃好可愛,0,0,陳少瑜
2020-02-29T21:31:40Z,Did you ate this dogs? Make some gyros or something?,0,0,Bata Batica
2020-02-29T15:18:52Z,Toxic foods,0,0,Kea Lee
2020-02-29T12:35:53Z,感觉不好吃,0,0,张犁
2020-02-29T12:08:14Z,颜色还是不够，汁还要在收一下,0,0,zhang claude
2020-02-29T08:28:11Z,4:06妹子可愛😁,2,0,拿鐵
2020-02-29T03:34:33Z,难得不放辣啊！,0,0,布木布泰
2020-02-28T17:13:24Z,用两瓶茅台，我觉得这盘菜五千都不挣钱。。。。,0,0,翟Mr.
2020-02-28T12:23:10Z,我也可以吃几坨，坨子肉,0,0,康博然
2020-02-28T07:07:12Z,仁寿人？,0,0,Q y Lee
2020-02-28T04:05:09Z,會做菜的男人最帥了，真孝順做給伯父吃,2,0,涂玫姣
2020-02-28T04:04:45Z,真的是火云邪神,0,0,Xiao Shang
2020-02-28T01:32:17Z,技術重點： 1）燒火要等火雲邪神來 2）看準時機，加水 3） 沒有味道的糖色是剛剛好,42,1,C Cheng
2020-02-27T17:22:55Z,我懷疑你這樣能吃嗎?,0,0,傑特傑特
2020-02-27T14:22:34Z,其實若料酒不足，可盛甕內，再以上色燉煮，燉熟後，再撒上薑片或蒜蔥己喜好，燉以鍋水及火喉拿捏，大慨可以只探柴火即可，快軟也不易过熟，，，。,0,0,柳岑焉
2020-02-27T14:16:45Z,巴适得很😂,0,0,林克坚
2020-02-27T13:34:06Z,very nice wang gang,0,0,budoyong
2020-02-27T13:15:46Z,这么一大块，多少人吃,0,0,scofield cheng
2020-02-27T13:12:25Z,is that ur sister? she is pretty,1,1,budoyong
2020-02-26T14:46:53Z,都是煙,0,0,NONO
2020-02-26T09:04:05Z,看到叔叔的髮型我就笑了，好可愛,4,0,우시영
2020-02-26T04:22:35Z,四伯搞笑担当,0,0,信小长
2020-02-26T03:51:08Z,大爷实力抢镜,0,0,刘海彬
2020-02-26T00:49:00Z,太强了吧 还有中英文字幕的,0,0,J Fang
2020-02-25T20:58:24Z,火云邪神,0,0,TONY SHEN
2020-02-25T16:46:17Z,"Hola me gustan tus videos,pero  me gustaría que  pusieras subtítulos en español así aprendemos  un poco más de tu cultura, gracias 👍👍👍👍👍👏👏👏💜💜❤❤🤗",0,0,"B, A."
2020-02-25T16:20:37Z,四伯爺的髮型依然狂野,0,0,kichikuou8941
2020-02-25T10:32:55Z,看王剛做菜真是一個享受！,0,1,Michael Chiu
2020-02-25T02:38:06Z,为什么你们吃肥肉都不胖？ 城里人计算卡路里可是还是在长肉？,0,0,cnmxkcnm1
2020-02-24T19:40:34Z,四伯由内而外活像火云邪神！,0,0,安如山
2020-02-24T17:21:57Z,漆二娃有点好看哦,0,0,Korean is the father of Japanese
2020-02-24T13:49:05Z,邪神想打醉拳 哈哈,0,0,馬來寶
2020-02-24T08:09:48Z,四川话好亲切！师傅哪个地儿的？,0,1,Synthia Zeng
2020-02-24T07:32:16Z,大晚上的，不该看你的视频🙃,0,0,王凌浩
2020-02-24T06:15:24Z,5:20 刚开始油少放一点，然后放了那么多油，够我家炒一天的菜了,1,0,Kevin Shang
2020-02-24T05:44:43Z,老伯忙帮的猝不及防，突然就点火了。。,0,0,Jie Yan
2020-02-24T02:29:28Z,王老师的表妹（是表妹对吧）也做厨艺教学？,0,0,看3小
2020-02-23T15:17:46Z,這次怎麼不說我們首先把鍋燒熱，,0,0,こんばんは愛してる
2020-02-23T14:31:58Z,嗯.......油亮不足，醬色不夠，看著....味慾不足呀。,0,0,宋檀郎
2020-02-23T14:21:37Z,天下武功、惟快不破....!!!!!!!!!!!!!!!!!!!!!  伯伯是武林高手....??????,0,0,宋檀郎
2020-02-23T07:37:24Z,两斤白酒，，，吃完肉会不会醉,0,0,Gordon G
2020-02-23T03:51:19Z,狗子吓尿了😱,0,0,Andrew Ni
2020-02-22T23:42:58Z,"Anyone here know why chef Wang blow torches the pork belly burnt black first and what’s the purpose of it, thanks?",0,3,Viva Las Vegas
2020-02-22T16:32:35Z,火云邪神。,0,0,Gold King
2020-02-22T14:29:04Z,川妹子咋都这么好看！,0,0,KANKANG Z
2020-02-22T14:15:42Z,四伯吃得連連點頭。,0,0,Antony Y
2020-02-22T08:32:47Z,这不是樱桃红烧肉，只能算红烧肉，樱桃红烧肉大约一把刀大小一块肉切成拇指大小但皮不能切断，类似东坡肉的改刀其它做法倒差不多，做出来的效果就是，从皮上看一块肉，倒过来就类似将樱桃摆成一个四方形的样子,0,0,刘芷
2020-02-22T07:42:47Z,解锁技能：宽酒,0,0,通缉犯往事
2020-02-21T19:05:03Z,邪神安乐吉祥！刚娃乃不世出的奇才，真是绝配,0,0,geng dadida
2020-02-21T12:47:39Z,"""perfect for children"" ""lets add 2 bottles of liquor"" wat",0,1,CourageH
2020-02-21T08:26:58Z,王刚师傅，好专业，而且做饭烧菜的步骤介绍的很详细简洁！ 喜欢您的作品，我订阅了！,0,0,莱蒽
2020-02-21T01:39:23Z,火云邪神监工,0,0,HAO LEE
2020-02-21T01:08:36Z,想到馬祖珠蔥,0,0,Zhang Adman
2020-02-20T16:58:50Z,又係我 武漢肺炎,0,0,BoBo Yeung
2020-02-20T09:32:03Z,餐饮店受到疫情影响,0,0,迅猛顶贴*&
2020-02-20T08:10:29Z,01:01美味,0,0,關羽
2020-02-20T08:06:46Z,天下武功唯快不破,0,0,關羽
2020-02-19T19:24:55Z,瞎几把做，这水平也在这里叫大师,0,3,宋克强
2020-02-19T15:21:25Z,王刚先生， 我想学习做一下这道菜， 有两个问题请教：1. 没看到厨师加盐， 不用盐吗？  2. 白酒是多少度？ 选用什么白酒最好？感谢分享！,0,2,Colin Qu
2020-02-19T14:14:04Z,二娃是四伯的女儿吗,0,0,yang zhan
2020-02-19T09:34:24Z,没有土豆的红烧肉是没有灵魂的,0,0,龙盖琼
2020-02-19T09:26:13Z,那位漂亮的姑娘是谁呀？,0,0,贵尼好香
2020-02-19T02:35:18Z,起锅之后放点绿葱更色香吧……,0,0,yamataka hurutuki
2020-02-18T08:10:42Z,想問四川話跟普通話到底差多少？,0,0,回憶亡
2020-02-18T02:53:31Z,那位女士好像在华农兄弟出现过？,0,0,Lesley Li
2020-02-18T01:26:05Z,作家是四川哪里的？,0,0,Oshibori Ten
2020-02-17T20:50:39Z,成都人 表示羡慕你们有肉有菜的..... 都买不起你们那么大块肉........,0,0,BLUR TY
2020-02-17T20:49:21Z,不准把我家的招牌菜曝光......,0,0,BLUR TY
2020-02-17T10:35:13Z,香啊！,0,0,龙伯爵
2020-02-17T09:59:34Z,肉一下，剛哥不見了,0,0,Yen-Ting Chen
2020-02-17T03:47:00Z,猪肉为什么论“坨”的。。LOL,0,0,Lei Cao
2020-02-16T23:59:16Z,這老人家，很像周星馳 功夫電影的 火魂邪神,0,0,phygo tse
2020-02-16T23:50:35Z,老人家的想法總是比較不同 偏好肥油肉 但少點油總是對身體好,0,0,ㄚ姿
2020-02-16T23:15:44Z,好刀,0,0,em em
2020-02-16T20:39:33Z,漆二娃的小胖手,0,0,高琛
2020-02-16T17:06:18Z,旁边这个原来是大师,0,0,that Daniel
2020-02-16T16:29:46Z,赞 农村的炉灶,0,0,beterhans
2020-02-16T13:38:26Z,冰糖放那麼多不會太甜吗,0,0,春天
2020-02-16T12:10:48Z,"11:29 大家看看這個肉,很漂亮的哦 ------->完全華農化",4,0,銀狼フェンリル
2020-02-16T07:40:00Z,可惜了，火云邪神的绝世醉拳没看到。,0,0,onefly Ten thousand
2020-02-16T06:35:29Z,"I couldn't imagine living were meat was accessible, its a hard concept to grasp. Its good to see the chinese eating well and as much meat as they want . Well done, China, that is some logistics, from lack of food to 2nd largest economy.",1,2,Iain Fraser
2020-02-15T16:00:20Z,王老师自贡人？,0,0,乐于平凡
2020-02-15T14:17:27Z,要是有萝卜一起烧就更好吃了,0,0,Zhang Zhang
2020-02-15T06:19:05Z,为什么不是直接倒掉水，而且先撇浮沫，反正水都是不要的？有什么原理吗？,0,0,力臣
2020-02-15T05:43:50Z,这个美女是钢的妻还是妹？,0,1,刘柏龄
2020-02-14T18:17:08Z,王师傅的围裙好靓！,0,0,joy song
2020-02-14T17:52:05Z,王刚人好良心好，只是做菜时不要再杀生了就好了。,0,1,石鹄
2020-02-14T14:29:48Z,One of my favourite cooks. Can’t understand a bloody word he says though !,8,3,Rob Plazzman
2020-02-14T13:23:34Z,回鄉做視頻 可以再精致些,0,0,Tk Hsu
2020-02-14T10:12:51Z,邪神打醉拳是什麼境界，想看。,0,0,Scott Lin
2020-02-14T09:08:45Z,5:27 少放一点😨😨,1,0,ching lam
2020-02-14T05:25:30Z,准媳妇帮忙打下手,0,0,Zuo
2020-02-13T18:07:33Z,师傅：你的圍裙太可愛啦！,0,0,Subina Tong
2020-02-13T14:11:36Z,少放一点油都好多,0,0,Cindy
2020-02-13T05:04:23Z,"Hi brother I like ur videos, speak in English OK I love China and people.  Love  from India.",0,0,SATHISH SARAS
2020-02-13T01:41:51Z,宽油警告!喷枪警告!,0,0,Сергей А.Н
2020-02-12T19:25:30Z,漆二娃，好听你哥的话。,0,0,Czech Captain
2020-02-12T12:11:32Z,"2:25 два белых щенка, это анонс следующего блюда, я просто по китайски не понимаю???",1,0,Andrey S
2020-02-12T11:45:28Z,仁弟，你是一位男儿本色有出息的你的男孩👦你父母亲光荣，难得，难得.我为您髙兴.我如果家庭有出现像你这样人.我三生有幸.祝福你幸福快乐一辈子！,0,0,吴天使
2020-02-12T05:09:06Z,Alguém do Brasil aí?,0,0,Kelly Rossa Carvalho
2020-02-12T04:24:59Z,Yummmy,0,0,Carolina Leger
2020-02-09T18:19:43Z,小师傅真棒👏🏻,0,0,yhsy 7983
2020-02-09T15:34:54Z,Hmmmmmmm sieht so lecker aus . Nun habe ich Hunger bekommen :-),0,0,bella vita
2020-02-09T05:51:57Z,看的口水直流 真香阿,0,0,Ra2
2020-02-09T01:46:19Z,哇! 完全沒用到醬油。,0,0,馬克
2020-02-08T20:27:18Z,紅燒肉？現在見識了，做法真不一樣。,0,0,Esther Yuen
2020-02-08T16:58:32Z,一样的材料柴火大锅煮的都会香点。,0,0,benson wong
2020-02-08T03:40:57Z,这女的看王刚的眼神总是有一股埋藏很深的爱意,0,1,诺美儿
2020-02-07T15:03:45Z,王伯是火云邪神本神吧,0,0,NatureMaster201 [Hatura]
2020-02-06T22:11:14Z,Chinese lol,0,0,Ioerca YT
2020-02-06T20:02:19Z,糖色没多少甜味，但一定有点苦味，但烧完肉便吃不出来，还加香味,0,0,Le Jin Tan
2020-02-06T18:38:37Z,看起來好像己經會了  做起可沒那么容易 謝謝你的視頻😋,0,0,Tun Min
2020-02-06T15:20:15Z,So advance cooking technique. I won't be able to do this at home. But still enjoy watching this !   Say hello to your uncle for me Chef Wang !,11,1,porsatans
2020-02-05T16:52:24Z,为啥炒糖色的时候不加肉？我喜欢把糖炒出焦糖香的时候加入肉一起翻炒，这样会有一些烤肉的香味,0,0,miu wang
2020-02-05T16:45:24Z,刚哥的“少放一点油”是我我家炒菜放油的三倍……,0,0,miu wang
2020-02-04T03:09:15Z,你说大家看一下这个肉，然后九在3s内吃了下去，这是看肉还是看你吃=-=。,0,0,Jinzhou Jiang
2020-02-03T19:01:45Z,2:21 : next week's recipe,2,0,Furn427
2020-01-31T01:20:33Z,我一時以為那個狗也要煮了,0,0,Rick Hsieh
2020-01-30T18:32:06Z,这个太可爱了吧，你们在中国哪里啊,0,0,Forsaken Bacon
2020-01-30T16:41:58Z,那个女生是谁呀,0,0,Jin Bowen
2020-01-30T06:19:29Z,王刚感觉人好朴实，很喜欢,3,0,zheng zhang
2020-01-29T19:15:38Z,請問40分鐘是要用小火還是大火煮啊？謝謝,0,0,Bean JJ
2020-01-27T05:07:05Z,这样烧出来的孕妇可以吃吗，真心求教。,0,0,zhongren li
2020-01-26T05:13:48Z,这道菜...... 怎么说呢，有一定的危险性。我身上的毛都窜了。我用的是42度的二锅头，两瓶，盖上锅盖（带比较大的散气孔）不一会发现有火苗在锅上，打开一看，呼啦一下除了手上的毛已经没有了之外，头上的毛也都烫卷了。总之，大家做这道菜要慎重，记得要用度数低的酒。,0,0,Yu Sun
2020-01-26T04:37:04Z,http://www.ydldl.com/redirect.html?aid=2816美女视频,0,0,李大仁
2020-01-24T15:51:45Z,hao de~,0,0,BlameLag
2020-01-24T14:00:18Z,漆二娃看起來騷被我看到肯定會強姦她,0,1,陳小刀
2020-01-24T10:35:36Z,我发现了两个偷吃的家伙哈哈哈,0,0,garyc 129
2020-01-23T11:46:31Z,旁边的伯伯是火云邪神本人吗？,0,0,Loh Yee Xuan
2020-01-23T11:12:58Z,有跟我一样为了看火云邪神来的吗？,0,0,陈家敬
2020-01-23T05:11:52Z,調味只有冰糖 不用加味精還是鹽巴嗎？,0,0,King Ma
2020-01-22T19:08:43Z,火云邪神你好 你在抢镜知道吗,0,0,翁锦建
2020-01-22T15:31:17Z,火云邪神？！,0,0,Redamancy糖豆豆
2020-01-22T07:44:42Z,方便的大爷好像火云邪神,0,0,彭一
2020-01-21T19:58:43Z,他的少放一点油大概是我一周的食油量了😅,0,0,Minshan Wu
2020-01-21T14:34:33Z,英文字幕會擋到中文字幕= =,0,0,方世偉
2020-01-21T01:37:09Z,我们家做红烧肉，红烧排骨也是完全不放酱油的，就靠炒糖来上色！我觉得是比放酱油上的色要好看！谢谢王刚师傅的分享！,0,0,呵呵哒
2020-01-21T01:31:16Z,切的平整，也是您的倒够快够锋利呀 我觉得哈啊哈,0,0,呵呵哒
2020-01-20T21:59:18Z,刚哥：这个盐不能咸不能淡... 嗯.. 这样刚刚好。 我：？？,0,0,Zettni Cai
2020-01-20T14:19:32Z,六哥喔,0,0,328 godmc
2020-01-20T05:02:58Z,最喜欢的背景  就是切肉时候的那个  比较有农村的气息,0,0,王清英
2020-01-19T14:55:24Z,黑店，酒里面兑水。,0,0,俞佳
2020-01-19T14:44:40Z,"Chef look such a honest, down to earth man",0,0,Moses GTC
2020-01-19T14:07:52Z,火云邪神,0,0,chung michael
2020-01-19T00:58:04Z,这白酒放的四爷看着都心疼。,0,0,Kumadesu Cc
2020-01-19T00:47:15Z,来看葱妹的,0,0,luis huang dai
2020-01-18T22:23:48Z,The old man is the villain from Kung Fu Hustle.,79,4,Dodge This
2020-01-18T20:13:12Z,😋,0,0,kch
2020-01-18T17:45:47Z,火雲邪神，因該出招火雲掌。怎拿出噴槍,0,0,林金龍
2020-01-18T16:50:52Z,一直想问您刚哥，你的宽油是什么油？,0,0,Wang Stuart
2020-01-18T11:15:07Z,火云邪神：让开让开，烧火这种事情,0,0,噗噗级鱼雷
2020-01-18T08:22:05Z,放茅台会不会是酱香味的,0,0,Feng Zhou
2020-01-18T08:20:11Z,為什麼你們吃那麼多肉也不胖,1,0,[3B05] 陳紫妍 CHAN TSZ YIN
2020-01-18T08:15:23Z,老爷子是现实版火云邪神么,0,0,Feng Zhou
2020-01-18T05:04:27Z,漆二娃那个嘟嘴好可爱,0,0,Zijun Li
2020-01-17T20:45:50Z,哈哈哈年轻时候还没肉吃,0,0,Li Xin Hu
2020-01-15T17:28:53Z,难吃,0,0,嘿嘿
2020-01-15T01:05:01Z,Show de bola!!!,0,0,Rogerio Nunes
2020-01-14T10:47:55Z,好正的zhi贡口音,0,0,HEREVA DAI
2020-01-11T23:29:31Z,這就是東坡肉的作法，只不過東坡肉是用醬油上色（自帶鹹味），加白砂糖調味（甜味），這個櫻桃肉是用焦糖上色（自帶甜味），加鹽調味（鹹味），其餘步驟完全一樣！,0,0,GEE GEE Huge
2020-01-11T17:04:44Z,肉一定要關火燜半小時，再開火翻悶才會入口即溶的,0,0,Eva Wu
2020-01-11T10:47:21Z,視頻裡是為了省白酒加水了，那為什麼加白酒時不要加水? 加水會不香嗎?,0,1,David Jerome
2020-01-09T03:14:22Z,煙霧迷漫 一起抽一起慢,0,0,Jc ww
2020-01-08T21:26:04Z,有没有觉得这个大叔看起来像火云邪神？,0,0,Mercer Alex
2020-01-08T17:47:49Z,Малодец,0,0,вася помидоркин
2020-01-08T14:42:49Z,这样子能烧软我才信你个鬼，味道能好才怪，明显都没烧软，颜色也不亮，自己都不好意思吹了吧,0,0,此长彼短
2020-01-07T02:06:05Z,喜食猪肉的中国人,0,0,陈骆青
2020-01-07T01:26:32Z,妹妹皮膚很白，哥哥皮膚很黑！,0,0,Julie Chen
2020-01-06T04:10:28Z,哇賽~王剛你女兒 長的俊俏啊~,0,0,詹建松
2020-01-05T19:44:48Z,Дядя в кадре это тесть?),0,0,Имя Фамилия
2020-01-05T19:34:08Z,Красивый фартук),0,0,Имя Фамилия
2020-01-05T16:18:25Z,🇪🇨👍🏻,0,0,francisco salamanca
2020-01-05T15:58:07Z,"Cara, gosto muito dos seus vídeos... parabéns!!",0,0,Ilhéus Telecom
2020-01-05T13:05:20Z,你这红烧肉怎么吃了上头捏？？？,0,0,Heaven Cui
2020-01-05T01:05:50Z,支持，學好多，多謝🙏🏻,0,0,手田水口
2020-01-04T15:38:16Z,想必这口樱桃肉一定是四伯爷记忆中小时候的美味了👴,0,0,the carrot
2020-01-04T15:30:55Z,巴山古法樱桃肉， 火云烧切加宽油。 爆炒冰糖暗红色， 醉里两斤下猛酒。  四伯如痴火塘金钟坐， 尝了烧肉一坨又一坨； 莫问人间香味几何， 邪神附体都是传说。  今朝有酒今朝醉， 明日无肉索然无味， 灌下宽酒， 还想打拳？ 醉卧喊二妹……,0,0,JC D
2020-01-04T06:57:40Z,这是我外公在世每年春节要做的菜  还要加去核的红枣 和毛栗子 有稀薄的汤汁 金银剔透,0,0,Susan Su
2020-01-04T04:18:40Z,原汁原味的传统红烧肉做法，在这里传承开来。感谢王刚厨师长！,0,0,Xi yun Li
2020-01-03T20:08:46Z,Mantap sifu,0,0,Ucu Supriyadi
2020-01-03T19:07:04Z,手上都是傷呀...硬功夫,1,0,mne Lf
2020-01-03T15:57:37Z,炒糖色太吓人了 在家里做分分钟消防车来敲门,0,0,Borui Wen
2020-01-03T15:43:21Z,吃不起猪肉的同学可以用人肉代替,0,0,Stephen Liu
2020-01-03T02:49:17Z,王剛真贊，加油你的視頻，我都會看，在台灣看不到正中四川菜，謝謝你讓我看到好多川菜。,87,7,王馨華
2020-01-02T06:07:50Z,四伯就是火云邪神现身啊,0,0,毛尖花红
2020-01-01T04:00:15Z,吃之前的四伯爷：你这做法不行滴 吃之后的四伯爷：真香,34,0,Rachel Liu
2019-12-31T04:13:52Z,火云邪神,0,0,盖成
2019-12-30T23:00:52Z,Spectacular dísh,0,0,Fredy Huezo
2019-12-30T02:45:16Z,漆二娃好乖哦,0,0,田御
2019-12-29T05:43:58Z,漆二娃被說不會燒火的時候表情也太萌了吧,78,0,Jay W
2019-12-28T12:58:28Z,下午炒到晚上 = =,0,0,Lucas Leow
2019-12-26T16:56:40Z,乡下的生活真好！,1,0,xing xing
2019-12-26T16:05:20Z,7:40 看準時機 (畫面滿滿的白煙XD??),2,0,あんあん
2019-12-26T15:19:52Z,杀年猪 奢侈呀🤤,3,0,Crazy universe
2019-12-26T02:17:10Z,二娃可爱 想日,0,0,Mad Loli
2019-12-25T18:06:23Z,先看评论。在看图,0,0,王Miss
2019-12-25T08:06:48Z,笋壳都烧不燃,0,0,唐小雪
2019-12-25T03:36:57Z,師傅你們老家的灶台好高啊,0,0,佛跳祥
2019-12-24T14:13:06Z,晚上十点看的，饿的眼冒金星,0,1,only cai
2019-12-24T09:49:18Z,我每次做红烧肉红烧肉总是特别腻，一开始炒猪肉也炒蛮久，不知道怎么才能改进？,0,0,YANGXIAXIN
2019-12-24T05:25:21Z,两斤白酒就烧这么一喷菜，太浪费了,0,0,feifeishuishui
2019-12-24T03:48:25Z,好奇這麼大鍋到底怎麼洗的xD,1,1,NINETEEN CHEN
2019-12-23T14:02:32Z,火雲邪神,0,0,張怡鈺
2019-12-23T02:45:43Z,看来不止我觉得四伯像火云邪神撒,0,0,Russell ZZ
2019-12-23T02:17:27Z,火云邪神的头发，好想把它剃光。,0,0,小曾
2019-12-22T14:16:13Z,哈哈哈 拔两个葱葱,0,0,d chen
2019-12-19T20:35:29Z,王師傅是說四川話嗎？,0,0,汪汪喵
2019-12-19T12:21:40Z,加半瓶紹興酒味道應該更棒！,0,0,JACKY
2019-12-19T10:52:08Z,01:00漆二娃 03:37漆二娃:好的,0,0,stussynewlife
2019-12-18T20:05:56Z,看样子一般般！,0,0,musicfromheart
2019-12-18T17:39:54Z,好想吃哦，好久没有吃过了。其实川菜很多甜口的，都很好吃。,0,0,Leon Leung
2019-12-18T12:28:30Z,火云邪神再现江湖!,0,0,Edmund Ng
2019-12-18T10:57:26Z,滷肉還是肥點好吃,0,0,陳鮪
2019-12-18T08:35:10Z,5:10 這沾點醬油切點蒜末 白飯吃個十來碗不成問題,0,0,醬油喵喵
2019-12-18T02:05:33Z,看王剛老師做菜，收穫滿滿的。。,1,0,瑜珈女人只說真話
2019-12-17T14:59:42Z,喜歡的紅燒肉經由四川口音的介紹好可愛，王剛師傅好手藝，二娃來年肯定是個大美人呦，讚,0,0,alan alan
2019-12-17T13:45:56Z,火雲邪神做菜啦,0,0,ZAO J.
2019-12-17T08:29:55Z,为什么中间还要加一块冰糖？为什么焦糖加水后没有味道？,0,0,Victoria Zhang
2019-12-17T04:00:57Z,这肉巴适的很！,0,0,彭丽媛
2019-12-17T02:22:18Z,这位同学，你这刀不行，去拼多多看看那个卖刀的，轻轻一放那肉就断了,0,0,Michael
2019-12-16T08:32:13Z,白酒是我們的料理米酒嗎,0,1,游孜瑀
2019-12-16T00:26:11Z,少放一點油??????????????????,0,0,PPPPP5585
2019-12-16T00:16:06Z,漆二娃姐姐嘟嘴也太可爱了叭,0,0,Yifan Ren
2019-12-15T23:46:35Z,很喜欢王刚师傅在这里做菜 仿佛穿越回到童年时代 那时候家里做饭就是这样子 饭菜都是那样美味可口 好幸福的一家人❤️❤️❤️❤️❤️❤️,0,0,hong xu
2019-12-15T19:55:27Z,剛哥有錢人啊,0,0,yi cin
2019-12-15T12:14:05Z,木锅盖，都烂得很利害,0,0,TennySon Leong
2019-12-15T11:47:21Z,是真的火雲邪神耶,0,0,王小博
2019-12-15T08:46:23Z,二娃出鏡太少了，我是為看她而來的,0,0,箂箂
2019-12-14T20:29:31Z,👋🇧🇷😘,0,0,Nilza Tobaru
2019-12-14T20:19:12Z,"油一下全是烟, 真需要安装一台油烟机或者换气扇",0,0,Deborah's Somatic Exercises
2019-12-14T14:14:31Z,看四伯大口吃肉就是爽~~~满嘴都是幸福满足的味道~,3,0,牛玉杰
2019-12-14T13:33:29Z,😂大厨口里的“少放点油”够我炒好些个菜了……,7,0,Yao
2019-12-14T10:44:49Z,漆二娃是谁,0,0,Dome Zhang
2019-12-13T18:30:36Z,挺你的人来了,0,0,ming ming
2019-12-13T07:54:36Z,这个盐是怎么刚刚好的😂,0,0,Victor
2019-12-13T07:49:24Z,中国版的Gordon,0,0,Ki Lemon
2019-12-13T02:59:45Z,老哥，酒不要用塑料瓶子装哦,1,0,Wang Garen
2019-12-13T00:52:23Z,im a white dude in canada and watch so many of these videos. so intriguing and cool,1,0,Garrison Sohn
2019-12-12T19:01:06Z,我从来都不心疼宽油，因为我炒菜的要诀就是味不够油来凑～,0,0,Sunny Sun
2019-12-12T13:31:37Z,漆二娃好漂亮耶 放屁一定很臭,0,0,超級無敵小可愛雄寶寶
2019-12-12T07:35:43Z,二娃交出來,0,0,U R
2019-12-12T04:17:32Z,可恶，妹子这么漂亮真的心动了,0,0,掂works
2019-12-11T18:14:42Z,4伯上镜也少了烟，感觉脸色也好多了，愿4伯身体健康,46,0,eve lee
2019-12-11T14:35:18Z,我要跟二娃搞对象,5,0,Qc Lee
2019-12-11T14:16:00Z,参见火魂邪神,0,0,章北海
2019-12-11T13:48:07Z,Those puppies aren't for eating ryt. I hope not 😬,0,1,Cheems Burger
2019-12-11T12:59:19Z,Great video. I love these guys.,0,0,Kim Nenninger
2019-12-11T09:54:49Z,oh my goad you are glory,0,0,Johnny Deep
2019-12-10T03:27:25Z,Anybody know the name of the cleaver he's using?,0,1,Eshan
2019-12-09T10:54:51Z,四伯内心os：赶紧点，别说了我都馋了,0,0,Leo Pold
2019-12-08T05:25:08Z,那个美女有男朋友了吗？,0,0,이이정금
2019-12-08T03:57:42Z,"Amazing, greetings from INA",0,0,Robin Maulana Hadi
2019-12-07T21:27:19Z,白酒是什麼酒阿 幾度的酒,0,3,金杜澤
2019-12-07T18:34:35Z,4:05 天啊~ 戀愛惹，72娃真可愛~~~,7,2,Ryan Liu
2019-12-07T16:13:02Z,2:18咬～哋😹😹😹,0,0,Louis Liu
2019-12-07T15:43:34Z,巴适,0,0,欲言又止
2019-12-07T11:56:33Z,四伯好厲害！光用看的就能估出來，要是女生走在路上體重都沒得隱藏囉,0,0,Kani
2019-12-07T03:21:47Z,72娃好可愛,0,0,雨下一整天
2019-12-07T01:36:54Z,Good job.,0,0,thor ho
2019-12-06T06:29:04Z,*你四伯很可愛*,0,0,2020全球抵制CCP
2019-12-05T21:25:23Z,Я тут один только из России?😁,0,0,Farg Volro
2019-12-05T01:13:48Z,Who is that beautiful girl?,0,1,MADE RAY WILIAMS
2019-12-04T19:27:52Z,凌晨看这个简直了,0,0,Lacus
2019-12-04T16:42:23Z,"嫌樱桃也贵的同学, 可以用西北风代替。、、、、科学上网工具V2ray/SSR翻墙VPN，机场梯子来了，敏感时期依然坚挺，强力对抗断流，支持安卓、IOS、MAC、WIN等设备，解锁校园网、IOS移动4G等强大功能，超低14.9元/月100G流量，4K秒开，不限速，50+条线路任选，视动力加速器免费体验网址：shidongli126点xyz",0,0,Teddy huang
2019-12-04T03:46:40Z,老家也是農村的，記得老一輩的人會在灶裡留一點餘火，要煮菜時一點火就開,0,0,薑黃
2019-12-04T02:31:58Z,两瓶白酒可能还能找到，漂亮的小姑娘就没有了，还能仿制吗？😜,0,0,west east
2019-12-04T02:03:48Z,看来这抄糖色 很讲究啊,0,0,Liu Felix
2019-12-03T20:36:38Z,"Оригинальное блюдо , название не подскажете ???",0,0,Юрий Антонов
2019-12-03T20:03:43Z,这姑娘不错,0,0,楠笙
2019-12-03T15:34:12Z,看着视频里的四伯，想起我外公了，家里有这样的长辈很幸福，很温暖，希望四伯长命百岁，每天都无优无愁，健健康康的。😊😊😊,145,1,Amy Li
2019-12-03T15:25:28Z,请问这锅每次炒完菜怎么洗啊？😅,0,2,Amy Li
2019-12-03T09:47:48Z,昨天尝试1斤白酒烧肉，加入白酒以后，没有关火，火势瞬间蔓延全锅，瞬间烧焦头发，现在我在理发，手上的汗毛也瞬间消失·········,0,0,jell june won
2019-12-03T04:22:05Z,Love your apron : ),0,0,Adventurous Eater
2019-12-02T20:28:31Z,这妹儿真乖,1,0,杜浩
2019-12-02T20:21:33Z,没有人觉得这个爷爷像火云邪神吗哈哈哈,0,0,HAOWEN YANG
2019-12-02T19:26:37Z,那女孩是刚哥妹妹？,0,0,car men
2019-12-02T17:38:00Z,我对少放油是不是有什么误解,0,0,小新新
2019-12-02T17:17:04Z,2:21 這兩隻太可愛了吧！！！      什麼時候要燒來吃？,1,0,catvvine
2019-12-02T16:51:54Z,突然感觉旁边的老伯有点像周星驰电影里的那个用手挡子弹的老头😀,0,0,John Baleno
2019-12-02T12:17:24Z,王哥这润锅的油 跟我平常炸东西的油量差不多 哈哈,0,0,Effy Zhang
2019-12-01T15:44:25Z,漆二娃不不是以前快手上田里扣黃鱔的嗎哈哈,0,0,梁子灏灏灏
2019-12-01T11:07:08Z,吃完这个菜要找代驾,0,0,Yngwie Mulmsteen
2019-12-01T11:00:38Z,漆二娃好可愛啊,0,0,KUAN-YIU LIU
2019-12-01T09:01:16Z,我來自馬來西亞，我愛王剛老師,0,0,Eddie Tan
2019-12-01T07:05:17Z,家的溫情！,1,0,camy ho
2019-12-01T03:39:12Z,每次都是吃着方便面配王刚师傅的视频菜 好好吃,0,0,Huixian He
2019-11-30T16:37:25Z,11:23 肉在里面跳动啊啊啊,1,0,Gloria Yuelin Jiang
2019-11-30T14:00:16Z,果然是火云邪神 烧火一下就燃,0,0,xy s
2019-11-30T13:51:10Z,盐少了,0,0,Anita Gilbert
2019-11-30T13:10:33Z,火雲邪神在背后小心,0,0,竹子
2019-11-30T08:55:52Z,"師父和叔叔很抱歉忘記喜歡視頻。我只是想嘗試所有的東西而淹沒在唾液中，更不用說幫助煮飯了！  Shīfu hé shūshu hěn bàoqiàn wàngjì xǐhuān shìpín. Wǒ zhǐshì xiǎng chángshì suǒyǒu de dōngxī ér yānmò zài tuòyè zhōng, gèng bùyòng shuō bāngzhù zhǔ fànle! Мастер и дядя. Простите, что забываю под видео ставить ""лайк"". Я просто утопаю в слюне, от желания всё это попробовать и не менее от желания помочь готовить!",0,1,pindiknik
2019-11-30T05:42:57Z,漆二娃，好乖,0,0,Honghui Li
2019-11-30T02:51:32Z,两斤白酒是不够的、为了节省一点、加点水吧！好想吃这醉肉,0,0,金佑
2019-11-30T02:29:15Z,老师吃了这个红烧肉可以开车嘛 会不会酒驾,0,0,Zoey W
2019-11-30T01:29:27Z,火雲邪神不怕燙耶,0,0,May Raphaello
2019-11-30T00:57:11Z,不要太咸， 也不要太淡,0,0,YNWA AIY
2019-11-30T00:16:17Z,每戶人家都要是有個王剛就好了,0,0,陳小美
2019-11-29T17:43:44Z,凌晨两点的我看着都饿了,0,0,BEN LIU
2019-11-29T17:34:01Z,感觉四伯爷是隐藏高手,0,0,BEN LIU
2019-11-29T16:03:38Z,為什麼叫漆二娃。 好可愛,0,0,Yan Sun
2019-11-29T12:30:32Z,王师傅:[11:28] 大家可以看下这个肉。。 观众:好吃吗？还没看清就到你嘴里了。。😨,0,0,jdksl vnklf
2019-11-29T11:38:37Z,看得我好餓,0,0,Yuehuan Lee
2019-11-29T11:16:10Z,我是泸州人，这个口音简直亲切到,0,0,Grace Xu
2019-11-29T10:24:53Z,邪神裝假牙了?,0,0,偉boring
2019-11-29T09:31:46Z,2:25一只小狗闻另一只小狗的屁眼儿。,1,0,hu leo
2019-11-29T00:30:50Z,我一晃眼以为火云邪神的演员来客串视频嗨操起了四川腔！要得要得,0,0,Ems
2019-11-28T17:25:42Z,王剛有計畫來台灣嗎,0,0,鄭紹方
2019-11-28T16:26:05Z,这个围裙是什么风格，红色的底面还有一朵绿色的花,0,0,毕文悦
2019-11-28T15:51:58Z,帅哥，你应该在今年春晚给我们做饭看，厨艺也算是一种艺术嘛，期待 👏👏👏👍🏻,5,0,ZHAI TIANCHI
2019-11-28T15:25:21Z,Wait wut? 1kg of baijiu????,0,0,Nightjojo Backstabber
2019-11-28T15:15:06Z,我想和王师傅学做菜,0,0,모모모모쨩
2019-11-28T14:55:32Z,我哈哈哈哈哈哈哈哈，你的肚兜非常美丽,0,0,bojian Lin
2019-11-28T13:59:37Z,王师傅需要个新锅盖！,0,0,Above the Average
2019-11-28T06:20:01Z,漆二娃，葱地的杂草要拔了,1,0,Michael Lee
2019-11-28T01:53:08Z,火云邪神很满意,0,0,Hansheng Guo
2019-11-28T01:00:26Z,How many of you think Uncle is a ninja???,0,0,Thomas Rowan
2019-11-27T15:15:21Z,我就看著這視頻，吧嘰吧嘰扒了兩口白飯，,0,0,Rider SilverDragon
2019-11-27T15:15:15Z,火云邪神,0,0,马哥
2019-11-27T11:46:14Z,想看四伯打醉拳底下按讚👍,2,0,汪勤皓
2019-11-27T11:12:49Z,現在的農村姑娘退化了，除了和城市人穿著，化妝看齊之外，已經不會種地，不會燒鍋了。,0,0,James Wu
2019-11-27T10:13:27Z,他的一點點油是我的很多油,0,0,官明俊
2019-11-27T07:04:32Z,“大家可以看一下这个肉” 没等看呢就被一口吃掉了？？？？,28,0,Shan Huang
2019-11-27T04:48:06Z,"I cannot understand a word that Chef Wong says, but I love to watch he cooking at his kitchen or with his relatives!  My old father also enjoys watching Chef Wong´s channel!",0,1,Emilio Braconi
2019-11-27T04:03:55Z,🤝👍Это жена на заднем плане,0,0,Александр Попуванов
2019-11-27T01:26:41Z,Great presentation and cooking 🤤,0,0,Ken Kozawa
2019-11-27T01:25:04Z,好險是早上吃著蛋餅看這視頻，如果半夜沒消夜吃還看這個真得要命,0,0,賀PG
2019-11-26T22:48:13Z,我都会烧火。。。,0,0,呵呵唐
2019-11-26T20:10:58Z,Olá do Brasil,0,0,Ariel Ribas
2019-11-26T16:38:05Z,你这围裙嘛 还是妖yer,0,0,ni zun
2019-11-26T16:32:42Z,A dishes suit for elderly people.. making a dish full of fat and carsinogen...,0,1,Hendry yyy
2019-11-26T13:53:18Z,太強了 剛師傅,0,0,boson l
2019-11-26T12:58:19Z,豬瘟沒問題嗎?,0,0,AUtOmaTA
2019-11-26T12:22:48Z,漆二娃讓我眼睛都看他！沒看內容！,0,0,黃智顯
2019-11-26T11:53:53Z,這不只老人孩子愛吃，我們大人也愛吃，哈哈,0,0,Diven73
2019-11-26T09:26:20Z,宽油呢🤣🤣🤣,0,0,lin Eddie
2019-11-26T09:19:48Z,English captions please! Looks very delicious,0,1,kafonika michael
2019-11-26T09:00:18Z,拥有火云邪神的发型,0,0,刘伯芳
2019-11-26T08:52:50Z,火雲邪神吃唐僧肉,0,0,Tung Chan
2019-11-26T05:26:10Z,喜歡那個湯汁的白酒跟水可以加多點嗎？😂,0,0,Q Y
2019-11-26T04:33:41Z,大厨碗是在哪买的！,0,0,Als
2019-11-26T00:44:03Z,这个真不怎么样,0,0,Ronger Ji
2019-11-26T00:09:39Z,假洨喔,0,0,陳在天
2019-11-25T22:54:22Z,火云邪神吃得很开心,0,0,sunlab wang
2019-11-25T22:51:29Z,有没有人一样跟我一样在0:26的时候有股冲动也想拿火抢烧掉火云邪神两边的毛发？,0,0,justin
2019-11-25T22:40:41Z,我都看饿了😋,0,0,到点吃饭Etime to Eat
2019-11-25T21:58:16Z,不就是红烧肉吗？,0,0,TAN PIYU
2019-11-25T21:48:17Z,站在旁边的是火云邪神？,0,0,韩沛
2019-11-25T17:16:04Z,王刚老师的家在哪里？下次回国得去四川去找你,0,0,JJpablo zhang
2019-11-25T17:04:33Z,這種東西一餐最多只能吃兩塊，版主現在還年輕，怎麼吃都行，等到30-40歲還敢這樣吃，身體就會變形了。,0,0,stone lee
2019-11-25T16:37:38Z,不做大厨了？,0,0,Jiangbin Luo
2019-11-25T16:14:11Z,用啥样的白酒啊，那么多品种随便都行吗,0,0,Yashiro Nanakase
2019-11-25T15:53:22Z,吃完这道菜 开车被验出酒后驾驶怎么办🤔️,0,1,崔永健
2019-11-25T15:31:47Z,@4：10二娃的表情很可愛😂,1,0,陳彥名
2019-11-25T13:08:43Z,四川话真可爱，管葱叫葱葱,2,1,千山夜雪
2019-11-25T11:28:33Z,"Старикан следит, чтобы молодой не накосячил!!!",0,0,Цыренов Амгалан
2019-11-25T09:54:35Z,火云邪神。。,0,0,影月
2019-11-25T08:30:54Z,看餓了怎麽辦？又不會做只會吃。,0,0,顔裔茹
2019-11-25T08:26:00Z,看馋了，待会儿去饭馆点一份红烧肉😄,0,0,Yan Fang
2019-11-25T08:22:59Z,这个妹子样子好看撒,0,0,Oswin
2019-11-25T07:50:06Z,苏大强,0,0,River Mao
2019-11-25T07:37:42Z,钢丝球技术,0,0,River Mao
2019-11-25T06:43:52Z,Parang adobo haha,0,0,Hog Rider
2019-11-25T05:27:51Z,剛哥現在是土豪型美食作家了,0,0,Cily Red
2019-11-25T05:10:05Z,四伯别打醉拳，别忘记你的蛤蟆功,0,0,akakusomara chan
2019-11-25T05:05:10Z,老年人还是尽量不要吃这个了，糖 + 肥肉一起吃 大忌啊,0,0,w l
2019-11-25T04:50:07Z,这不是华农他兄弟么？？,0,0,周套套
2019-11-25T04:42:07Z,Ya me dio hambre 🤤,0,0,Tae Tae
2019-11-25T03:36:46Z,王剛師傅什麼時候邀請到火雲邪神一起做節目了？？？？,0,0,ruifu zhou
2019-11-24T23:06:39Z,师傅我来啦,0,0,Anthony Lam
2019-11-24T19:18:36Z,還吃得起豬肉,0,0,月薪三千人民币
2019-11-24T19:17:57Z,王剛：現在開始把這個肉爆炒一會兒，開始的時候油少方一點，只要能潤到鍋就成，（火雲邪神内心：你家的鍋池塘大啊）,0,0,Lucas tam
2019-11-24T19:09:22Z,看起來好好吃,0,0,蔡小姐
2019-11-24T17:53:36Z,那兩隻狗好危險啊,0,0,Kao Chieh
2019-11-24T17:27:01Z,今天没有技术总结啊,0,0,Lionel Zhu
2019-11-24T16:08:51Z,紅燒肉令人垂燃欲滴，二妹令人眼前一亮😍😍,0,0,cc lau
2019-11-24T15:44:29Z,火云邪神，能否理理发啊,0,0,yanlei han
2019-11-24T15:11:37Z,Step 1: take out big blowtorch You had me at step 1,0,1,Johnston Steiner
2019-11-24T14:50:43Z,买不起猪肉的朋友可以不用做了,0,0,恍然若梦
2019-11-24T14:07:29Z,Guy in the back looks like the frog dude from kung fu hustle,1,1,SIOMAITV Alano
2019-11-24T13:32:47Z,147 vegan cult members disliked,5,0,Ryan S.
2019-11-24T12:49:36Z,看到新版小當家，剛好講櫻桃肉,0,0,瑋傑
2019-11-24T12:43:45Z,这把刀切肉的声音听起来就很快。,0,0,四川老罗
2019-11-24T12:05:49Z,Old man looks like the villain from Kung fu hustle! 😂,34,3,Ren 비
2019-11-24T11:39:09Z,4:06  二娃真的可愛  <3,45,0,紳士貓
2019-11-24T10:55:03Z,估计吃一块我就醉了😌,0,1,zi lan
2019-11-24T10:54:01Z,不敢吃豬肉的同學可以不要放，不喜歡吃櫻桃的同學也可以不要放，一道健康道地的四川西北風就完成了,0,0,Jun Xian Li
2019-11-24T10:18:22Z,看英文字幕也超级有意思,0,0,壹杯onecup2127
2019-11-24T10:06:39Z,火雲邪神 : 可以，要得,0,0,ConanDoyle88
2019-11-24T09:53:43Z,大厨的大红绣花小围裙好漂亮,0,0,阿鞭
2019-11-24T09:35:24Z,那句：好的，聲音飄移方式超級有台灣味，再柔軟一點的語氣就更好聽。,0,0,Jacky
2019-11-24T09:17:59Z,火雲邪神的辮子。。。,0,0,willislau22
2019-11-24T08:48:31Z,現在豬肉不是很貴嗎！,0,0,Vincemac
2019-11-24T08:32:53Z,是火雲邪神ㄟ!,0,0,葉明杰
2019-11-24T07:36:39Z,好想去你家吃饭啊啊啊,0,0,金秋陽
2019-11-24T07:09:58Z,想知道这个锅是怎么洗的,0,0,老虎说
2019-11-24T06:26:47Z,3:09 是在故意惹怒華農嗎,5,0,kevin Lee
2019-11-24T05:30:37Z,旁边这位大伯是火云邪神,0,0,Pizza Pizza
2019-11-24T03:51:46Z,那么多肉，整条村的人都够吃了,0,0,黑客大
2019-11-24T00:36:35Z,"Smacznie te dania wyglądają, pozdrawiam z Polski, ogladam każdy odcinek 😉👍",0,0,34drabina
2019-11-23T20:37:51Z,后面那个老汉的头型很让人手痒,0,0,Robert Yang
2019-11-23T20:36:49Z,后面那个老汉是干嘛的？没啥事能不能不要站在边上,0,0,Robert Yang
2019-11-23T20:15:47Z,旁边的老先生是火云邪神么,0,0,チョウチョウ
2019-11-23T19:43:13Z,肉的案板那么脏。,0,0,Mr.Stacky Vertical Planter & Hydroponic
2019-11-23T18:43:57Z,能不能做点鸡肉，鱼肉？我们吃不起猪肉的,0,0,Neal Sober
2019-11-23T17:22:56Z,我老婆刷抖音说你的围裙好看，在哪买的？,0,0,隔壁老张
2019-11-23T16:59:05Z,72娃好漂亮,0,0,Biu Chow
2019-11-23T16:15:39Z,火云邪神在旁边好不耐烦喔⊙ω⊙,0,0,森海迷醉
2019-11-23T16:06:33Z,赚到钱了这女的穿的衣服都好了,0,0,李方正
2019-11-23T16:00:03Z,为毛你们和b站上都叫人家火云邪神，是两遍看么？,0,0,李鹏
2019-11-23T15:32:39Z,四川小饭店里红烧肉放黄豆的,0,0,Lin Hangshan
2019-11-23T14:52:07Z,厨神小当家果然没有骗人。。。,0,0,绝望中的歇斯底里
2019-11-23T14:36:48Z,我觉得放白酒没有意义啊，酒精遇热不久挥发了么,0,1,zhou Richy
2019-11-23T14:26:47Z,漆二娃是他老婆吗,0,0,xu William
2019-11-23T14:21:09Z,四伯的祖传喷枪硬是好用,0,0,X IU
2019-11-23T13:42:00Z,刚哥炒糖色的口气很可爱,0,0,hart crush
2019-11-23T11:06:57Z,别多解释肉 火云邪神直接放火🔥,0,0,MOO CHA
2019-11-23T11:05:04Z,小葱好贵啊,0,0,zhang shuo
2019-11-23T11:04:24Z,刚哥的红烧肉做法很棒 电磁炉 不粘锅 温度不均匀 炒糖色 性状有点不好控制,0,0,zhang shuo
2019-11-23T10:32:21Z,4:13 四伯:火雲掌!,1,0,南海
2019-11-23T10:16:10Z,火云邪神😂😂😂,0,0,3821 koay
2019-11-23T10:09:50Z,轻奢噢~,0,0,红旗队长
2019-11-23T10:02:31Z,男版子七很可以,0,0,頭甩烏魚子
2019-11-23T09:44:14Z,可以颜色再深一点😄,0,0,谈心亭
2019-11-23T09:30:27Z,漆二娃火都燒不開要加油哦,0,0,駿哥
2019-11-23T07:23:04Z,"职业是厨师的你怎么黑瘦黑瘦的 ，不应该呀😃😃,厨师不都油油腻腻肥肥的吗😄😄",0,0,Monica liu
2019-11-23T06:20:50Z,挑个刺，刚哥厨艺没得说，但四周的环境太脏乱差了，食欲减了一半（不是刚哥去的错，农村人真应该勤奋点搞卫生才行）,0,2,Jason Wei
2019-11-23T05:28:06Z,火云邪神负责生火,0,0,Jay Chou
2019-11-23T05:15:23Z,也，自贡老乡哇？,0,0,Zeng Jack
2019-11-23T05:04:34Z,不適合血脂高的食用,0,0,danny chang
2019-11-23T05:01:02Z,四伯爺說以燒得軟為原則怎麼畫面會是2隻小狗……（抖,0,0,Ellen T.
2019-11-23T04:11:58Z,两下就把火烧燃了，不愧为火云邪神，斧头帮全体同仁向邪神致敬！,3,1,L Y
2019-11-23T04:01:08Z,Looed at your all like an family warm dinner together makes my day . Thanks for teach us how cook and god bless you and your family 🙏🙏🙏,12,0,koh Jeffrey
2019-11-23T03:15:49Z,评论里说的东坡肉和这个不是一道菜，东坡肉是焯水，不炒，然后切块，放入砂锅（姜葱垫底），放花雕，糖色或老抽，生抽，糖，不放盐（酱油有咸味），不放水（虽然诗里写的是少着水，其实就是全用黄酒），小火炖两个小时（火候足时它自美），然后再蒸半小时。,0,0,shuta sanzhi
2019-11-23T03:05:13Z,明明在抖音可以看，为什么我要在youtube上看,0,0,张宇鑫
2019-11-23T02:59:54Z,二娃好可爱啊！,1,0,Amy Lin
2019-11-23T02:49:02Z,奥利给，干了兄弟们!,0,0,Yuheng Qin
2019-11-23T02:41:16Z,剛好這星期的小當家有做這道菜~,1,0,小毛的窩
2019-11-23T02:18:16Z,大家好我在俄罗斯，我很喜欢这个频道。我是你的新学生。非常感谢你们。,76,7,Ilya Petrov
2019-11-23T01:56:45Z,如果是台灣1到2瓶米酒再兌一點紹興應該，大概，可能是剛好的，誰來實驗一下。,0,2,棽離
2019-11-23T01:38:14Z,大家有没有觉得阿伯有一种火云邪神的感觉😄,487,14,Eleven Huo
2019-11-23T01:34:30Z,肉好，烧出来就香。 米国的猪肉就不行。,0,0,calhotel
2019-11-23T01:14:11Z,我不是故意的，但我有點不太喜歡那個老人,0,0,誤無誤
2019-11-23T00:56:27Z,我要打十个,0,0,奥巴牛
2019-11-23T00:56:22Z,👍👍👍,0,0,Ying Biu Wong
2019-11-23T00:32:10Z,刚哥老婆好漂亮,0,0,John Doe
2019-11-23T00:22:07Z,四伯心心念念的樱桃肉终于吃到了哈哈哈,0,0,Roman Young
2019-11-23T00:19:45Z,火云邪神一声不吭的就发功了😂😂,0,0,Luis Zhang
2019-11-23T00:00:43Z,"Best wishes! I'm from North America. Florida, to be precise. My favorite ""American Chinese"" dish is 'General Tsao's Chicken.' I have never found a recipe that tasted like the kind I get in order out. Would you share the secret? Maybe as a bonus, an even better version/as spicy as possible? I know Szechuan is legit. Thank you. 🙏🤟🍻",2,1,Justin Wayne
2019-11-22T23:49:57Z,那个拔葱的女孩好好看耶,0,0,周伟
2019-11-22T23:30:56Z,我还以为真的有樱桃！,0,0,Swiftie Ma
2019-11-22T22:50:17Z,这红烧肉看起来就想吃，二娃的表情真可爱,0,0,Xavier Liu
2019-11-22T22:46:07Z,小姑娘挺可爱阿,0,0,quan luo
2019-11-22T22:24:17Z,这哥们应该是给毛主席做红烧肉级别的 我还说是第一次看这么做红烧肉 平常我都是用酱油 你这加了好多酒 可以的 吃完估计就醉了 哈哈哈哈,0,0,WallStreet Man
2019-11-22T22:05:34Z,在油管上刚看了别的樱桃肉视频  刚也看了小当家最新一集做了樱桃肉 然后油管就给我推荐了这个😯🤤,0,0,Qingyi Peng
2019-11-22T21:56:42Z,剥葱的妹妹是谁？,0,0,R J
2019-11-22T21:56:40Z,感谢刚哥的分享，家里老人就是牙口不好，刚好可以派上用场了，非常谢谢,2,0,Chun Wang
2019-11-22T21:28:50Z,刚哥有点霸道哟 不过看评论是容易笑喷,0,0,Yuchen Ling
2019-11-22T19:54:33Z,颜色不对哦！还有为什么要放葱？谁教你的？肉为什么要凉水下锅焯？为什么要放盐？本来肉汁就被你放跑了，再放盐，肉里不柴吗？你知道为什么叫樱桃肉？你这做的根本不对！别糟蹋东西！好吗！,0,0,Albert PATRICK
2019-11-22T19:29:17Z,這肉的量，在外面買感覺就很貴啊,0,0,林てつえ
2019-11-22T19:09:49Z,看著看著 肚子餓了 這一定很下飯,0,0,莊士賢
2019-11-22T19:02:25Z,我个东北人每次烧肉都忍不住扔把粉条,0,0,Hai Chi
2019-11-22T18:46:59Z,“爆干了有啥子吃头喔，没得油气得”，说得是😄,30,0,ye danna
2019-11-22T18:34:36Z,11/20/2019 路江时评：港人权法案正式在众议院通过，最快明天川普签字执行！除朱镕基孙女外，中共前常委李瑞环孙女也在理工大里面；李嘉诚被中共代表韩正谈话警告，否则没有好下场！  https://www.youtube.com/watch?v=HpzSqU7dgQ0  11/21/2019 路安时评：蓬佩奥欧洲演讲号召北约国家共同对抗中共！再谈文贵曝光的王健证据中包含的重要信息解读；中共12连发抨击港人权法案通过意味着什么？中共即将采取的应对措施？  https://www.youtube.com/watch?v=mOgktsHVAGI  11/21/2019 路江时评：美军舰进入中共南海岛礁？南海海下50米突然发生带有辐射的非典型“地震”，这是美强拆还是中共的军事行为？  https://www.youtube.com/watch?v=ZTjsrEPIjGg  11/22/2019 路钢穆时评：习近平称“盼与美国达成贸易协议，但也不怕打，必要时也敢于报复！创新不应该成为埋在山洞里的宝藏”？  https://www.youtube.com/watch?v=NbGgzzcDTus,0,0,a bc
2019-11-22T18:02:27Z,阿伯看起来像“功夫”里面的蛤蟆功老爷子,3,1,Zeon Cohen
2019-11-22T18:00:49Z,看了真餓,0,0,阿業
2019-11-22T16:58:22Z,如果加個白蘿蔔就更美味了,1,0,陳威宏-陳威宏
2019-11-22T16:39:47Z,这环境真的好太羡慕了,0,0,Icy Cola
2019-11-22T16:32:57Z,漆二娃是誰,0,0,D ragon
2019-11-22T16:03:56Z,我觉得你的少放油，跟我理解的少放油不是一个意思,0,0,Jack Jia
2019-11-22T15:36:35Z,強烈抗議王師傅影片限定早午播放晚上及深夜嚴禁播放，不然...大半夜的看這個讓人怎麼睡啊,0,0,李白
2019-11-22T15:31:50Z,Beutyful girl ❤️❤️❤️❤️,0,0,Đặng cường
2019-11-22T15:27:19Z,覺得72娃長的好看的請點贊👍,197,3,yiu fung
2019-11-22T15:24:13Z,邪神出镜天下无敌！😂,0,0,黄易
2019-11-22T15:14:17Z,沒豬肉吃的中國同胞，可以多看幾遍來止飢。,0,0,HSU JOSH
2019-11-22T15:03:16Z,邪神今天的髮型很飄逸,1,0,Lin loubey
2019-11-22T14:53:37Z,火雲邪神客串演出看了來王師傅越來越知名了,0,0,李白
2019-11-22T14:51:33Z,全世界应该最会拿猪肉做菜的人就是，中华民族,0,0,Andy Ng
2019-11-22T14:50:52Z,可以整5斤红酒,0,0,罗夕
2019-11-22T14:36:29Z,不用放什么东西，结果放。。。。，除了没老抽。,0,0,Alessi Si
2019-11-22T14:35:08Z,卧槽火云邪神😨,0,0,uknow who u messing with
2019-11-22T14:24:26Z,节奏慢的硬核示范也不错,0,0,ネコ赤い
2019-11-22T14:14:25Z,Easy recipe to follow. I will try to cook it..hope it turn out like the way he cooked.,0,2,Ally RT
2019-11-22T14:13:42Z,刚娃！你叫戚二娃，我听起就觉得亲切。哈哈 ，我是泸州人,0,0,Liang Zhang
2019-11-22T13:52:49Z,我知道我的重點有點偏了⋯剛哥終於換圍裙啦！小粉紅到小紅⋯⋯,2,0,蜂蜜茯苓
2019-11-22T13:50:46Z,4:33 火云邪神：嘿嘿，喝不得 无情的嘲笑😝,5,0,Wang James
2019-11-22T13:50:25Z,火雲邪神親自監督,0,0,Boy PK
2019-11-22T13:48:59Z,四川豆瓣醬啊！,0,0,余運高
2019-11-22T13:48:43Z,现在的猪肉价格这点肉是不是要700以上了,0,1,bro Li
2019-11-22T13:36:30Z,好吃很，当然需要功夫慢慢熬，从中午做到天黑，值得期待,0,0,慎言思辨
2019-11-22T13:32:34Z,不加醬油的紅燒肉還是第一次見到 簡直不可思議,0,0,Yu Lin Tao
2019-11-22T13:12:34Z,上面要裝一台抽菸機。,0,0,搶空投
2019-11-22T13:03:14Z,烹飪的火很關鍵 必須要經過火雲邪神內功加持過得火才行,0,0,原野的呼喚
2019-11-22T12:57:06Z,"не, бадьян это не мой вкус",0,0,Brad Pitt
2019-11-22T12:45:22Z,川妹子果然漂亮啊,0,0,Jack Chen
2019-11-22T12:40:54Z,听声儿，这刀是真的快。,0,0,小辛
2019-11-22T12:39:47Z,漆二娃真好看。,0,0,Ray Xi
2019-11-22T12:12:23Z,想看火云邪神做菜,0,0,Sihan Chen
2019-11-22T11:59:17Z,我想知道，那么大一瓶“霸道”的白酒烧肉，岂不是都是酒味？,0,1,dd C
2019-11-22T11:58:55Z,在二娃面前，我不得不承认我下贱,0,0,陈墨
2019-11-22T11:49:52Z,沒有抽油煙機的廚房好災難啊ＸＤ　（想起咱鄉下老家的那口灶）,0,0,小褎
2019-11-22T11:44:12Z,王刚老师 为什么最近没在厨房做视频了  是不是被炒鱿鱼了啊  入职全职youtuber了？,0,0,G
2019-11-22T10:52:56Z,我的未来靠你了,0,0,Jimmy PUBG
2019-11-22T10:50:10Z,看到留言 原來不只我看見了火雲邪神,0,0,奪命香雞腿
2019-11-22T10:37:34Z,四伯爷 难道说是传说中的 火云邪神？,0,0,bf39L
2019-11-22T10:18:22Z,女娃娃好漂亮哦,0,0,Bridget Cheng
2019-11-22T09:59:13Z,本集重點─ 2:21,1,0,蛙璽琅
2019-11-22T09:56:25Z,兩斤白酒勸退,0,0,Scott
2019-11-22T09:51:13Z,my dear friend.we can't understand chinese.but we like to watch your videosu.why do you insist on talking Chinese we need English translation writings..,0,0,Batuhan Güneş
2019-11-22T09:46:45Z,真香🤤🤤🤤,0,0,黃昭閔
2019-11-22T09:40:03Z,普通人家里备不了喷枪,0,0,baby无齿
2019-11-22T09:31:49Z,王師傅也回鄉創業了。城裏的餐館出讓了？,0,0,P C Huang
2019-11-22T09:24:39Z,伯爺敲碗要的櫻桃肉😂,1,0,寒冰漠墨
2019-11-22T09:16:35Z,太奢侈了，壕诶😍,0,0,高卓
2019-11-22T09:13:37Z,火云邪神好像胖了……,1,0,492 bruce
2019-11-22T09:12:10Z,"Dude, I don’t even know how I found your channel, but I love it! Keep being awesome",15,2,Daniel Scouten
2019-11-22T09:07:01Z,水平不敢恭维,1,0,gfwew s
2019-11-22T09:06:13Z,我在这里推荐下老饭骨是三个退休的国宴厨师！你们可以去看下https://youtu.be/7GGLE9yHHzA,0,0,徐庆楠
2019-11-22T09:02:26Z,罗家英，only you..........!,0,0,john tae sae
2019-11-22T08:49:20Z,刚哥 你媳妇挺好看啊  川妹子 哈哈,0,0,白小白
2019-11-22T08:44:27Z,還以為是火雲邪神呢,1,0,曾閔聰
2019-11-22T08:36:09Z,这怎么可能适合老人吃：油脂和胆固醇这么高,0,1,Charles Kong
2019-11-22T08:31:45Z,这就是东坡肉的做法嘛，只是这个用的大锅,0,0,Mo Jack
2019-11-22T08:31:30Z,Is qi er wa the wife??,0,0,Gang Li
2019-11-22T08:24:50Z,趣旨は理解できるが 命を粗末にしすぎ,0,0,impishsara 8
2019-11-22T07:53:27Z,宽酒警告⚠️,15,0,Mu Zhu
2019-11-22T07:02:37Z,二娃的手冻得红红的,0,0,Ricardo·M·Lu李嘉图
2019-11-22T06:54:15Z,11:05 在国外留学因为痛经没吃晚饭睡了一下午现在不得不爬起来赶due的我看到这里流下了嫉妒的口水,2,1,Yiwen Shang
2019-11-22T06:40:03Z,少放一点油，一下就放了差不多一碗油进去，😂😂😂,0,0,Vivian C
2019-11-22T06:39:09Z,倒两斤散装白酒 炒几个拿手小菜,1,0,古笑颜的音乐故事
2019-11-22T06:10:53Z,王刚老师的围裙太风骚了 小花边,0,0,sophia song
2019-11-22T06:01:58Z,二娃穿新衣,0,0,章朋朋
2019-11-22T06:01:35Z,看這到肯定好吃   做法跟我們台灣一樣   我們魯肉都是用酒下去煮的  再放幾個雞蛋  魯成魯蛋  還可以加油豆腐   豆腐   豆干   海帶   都非常棒滴,2,0,YW H
2019-11-22T05:46:42Z,炒后肉回柴,0,0,Zhenyu Yao
2019-11-22T05:40:32Z,王剛好勤劳更新频道我每天都准时等着你的视频!我也要好好向你学习经营我自己的频道!,0,0,小勤姑娘
2019-11-22T05:38:37Z,主要是刀要好的片刀才能切那么好,0,0,Jason X
2019-11-22T05:37:47Z,在户外做饭 。。 感觉真棒,0,0,real deal
2019-11-22T05:32:28Z,2:50切肉的時候，背景都不會動，如畫一般,0,0,陳灝想
2019-11-22T05:26:45Z,这次是白酒劝退，哈哈哈！,0,0,Shaogen Wu
2019-11-22T05:24:38Z,0:13邪神觉得身边这个人废话有点多,0,0,季JI
2019-11-22T05:22:17Z,炒糖色很容易糊啊,0,0,yuwen guo
2019-11-22T05:10:08Z,四伯爺是在練這招嗎？ https://youtu.be/oXgu7OQcXDQ,0,0,夢飛翔HD 4K
2019-11-22T05:05:39Z,四伯怎麼看起來像火雲邪神啊！,1,0,周政德
2019-11-22T05:05:05Z,王刚我建议你去看老饭骨的视频，他们真的很厉害,0,0,KEV
2019-11-22T05:00:16Z,刚哥视频真的好看，接地气👍,4,0,Haoyu Dan
2019-11-22T04:49:29Z,农村的锅咋洗,0,0,Colin Zhang
2019-11-22T04:20:32Z,还是喜欢你的厨房,0,0,Robert Lee
2019-11-22T04:20:31Z,I wish I could understand you.....love the way you cook......so well trained.,1,1,Kari Lynn
2019-11-22T04:19:01Z,火云邪神亲自生的火肯定旺🔥,0,0,MONARCHY -
2019-11-22T04:15:30Z,两斤白酒,0,0,Yi Qiao
2019-11-22T04:13:30Z,這個酒 有點霸道  幸福的四伯,0,0,天XiaoXinO
2019-11-22T04:10:02Z,老式 紅焼肉  この工程素晴らしい👏 いつも勉強させて頂いてます 王師多謝❣️☺️👍,70,2,とっしーたいちょー【釣りと料理のバラエティー】
2019-11-22T04:07:08Z,说到加2斤白酒呢 我笑了..,2,0,曹賢棟
2019-11-22T03:47:59Z,能不能吃醉了,0,0,firstsir
2019-11-22T03:45:57Z,覺得四伯蠻可愛的！😂,4,0,手工擬餌Hawkeye
2019-11-22T03:33:48Z,紅燒肉居然可以不用醬油,0,0,withoutword
2019-11-22T03:29:54Z,又说我媳妇？？,0,0,Zachary Ou
2019-11-22T03:23:47Z,切得真好看啊,0,0,Y. Yan
2019-11-22T02:56:17Z,冻完了之后火烧＋刷子刷。。。,0,0,cqc lin
2019-11-22T02:54:36Z,火云邪神😂大家都看出来了，真的好像啊！,1,0,李威
2019-11-22T02:54:36Z,刚哥家的姑娘们都好漂亮，白皙精巧,0,0,Faye Zhang
2019-11-22T02:40:32Z,火云大佬也学会了叶问的“我要打十个”,0,0,Hanfu Lee
2019-11-22T02:21:36Z,那个糖不是干了生锈了 蛤,0,0,截拳道余先生
2019-11-22T02:19:41Z,王：火都燒不燃還說自己是農村人　二娃：笑著嘟嘴....................,2,0,Cloud雲
2019-11-22T02:10:17Z,可用啤酒代替吗？,0,0,Lynn Fang
2019-11-22T01:56:43Z,女助手沒試吃...,0,0,邱意中
2019-11-22T01:56:01Z,真的，四伯好像火雲邪神,0,0,楊美芝
2019-11-22T01:49:25Z,刚哥这道菜原材料成本就要200多块，霸气...........,0,0,Myvivreable
2019-11-22T01:49:06Z,"王剛: 大泡變小泡, 看準時機, 加水!  我: ?????????????",24,1,Genie Syk
2019-11-22T01:40:50Z,等的就是这个！小时候超喜欢吃，现在在外读书自己做又学不像。明天就切买坨猪肉整起！！谢过王师！,0,0,刘季朋
2019-11-22T01:37:30Z,我在香港發了這個，現在好多人在看喔！  🥘🥘🥘 廚師長教你煮餸 https://www.youtube.com/playlist?list=PL4buz1bnzjDX4fZJcsh0I_XsSS69018FR  🍅🥦🥕 廚師長教你做素菜 https://www.youtube.com/playlist?list=PL4buz1bnzjDXrXAdat_VWtCEEG_zhQry0  🌶🌶🌶 廚師長教你做四川特色菜 https://www.youtube.com/playlist?list=PL4buz1bnzjDVRmWshqw629dj5Q1PI-tIF,0,0,Philip Fan
2019-11-22T01:34:44Z,How come 40 minutes in China is so fast?,1,1,Andy
2019-11-22T01:34:41Z,猪瘟未去鼠疫又至,0,0,渔夫
2019-11-22T01:28:38Z,我一直用油来化冰糖，火候不好就容易苦，还要加生抽老抽上色。看了你的方法，我得好好试试，但不明白为何要拿白酒烧呢？,0,0,菊花次郎
2019-11-22T01:20:20Z,漆二娃身材樣貌都中上呀！,10,0,黃盟惟
2019-11-22T01:20:09Z,下乡后视频好朴实。语言也更自然且不失专业。👍,0,0,Love篠崎
2019-11-22T01:18:33Z,四伯爷...超喜欢看他品尝美食好慈祥的四伯,4,0,richard lai
2019-11-22T01:03:34Z,后排自带板凳围观,0,0,Battlefield4庸医
2019-11-22T01:02:36Z,不需要白酒也能做,1,0,暖海海
2019-11-22T01:00:26Z,✌🇲🇽🇲🇽🇲🇽,0,0,Benjamil Molina
2019-11-22T00:37:38Z,猪肉都用了6斤半，还舍不得白酒，哈哈,142,5,Cathy Zou
2019-11-22T00:32:24Z,料理界的吃貨火雲邪神 四伯爺,0,0,Brian Chen
2019-11-22T00:26:42Z,王刚的四伯名字是季根发,0,0,jicheng sun
2019-11-22T00:24:50Z,自贡话真的有点特色,0,0,Jerry Tang
2019-11-22T00:21:29Z,这个视频可以看出  ：妻二娃肯定不是农村人。火都烧不然,0,0,Xiangsheng Li
2019-11-22T00:20:25Z,“加糖色的时候，刚哥说，大泡过后 是小泡，看准时机，加水”短短几个字，可以看出刚哥的经验丰富，像一个战士，端着机枪，瞄准目标，123，好发射（加水）,7,0,Xiangsheng Li
2019-11-22T00:19:37Z,接下来应该很多猪肉料理了 杀了一只猪 哈哈😄,0,0,Suki Peng
2019-11-22T00:13:29Z,4:08 二娃那表情  好Q,4,0,陳照峰
2019-11-22T00:10:12Z,不愧是火雲邪神，不把燙當一回事！,0,0,朱寬仁
2019-11-22T00:03:59Z,都會蛤蟆功了 還想來醉拳啊！,0,0,卡修達
2019-11-21T23:43:51Z,有英文字幕啦。,0,0,EDDIE ren
2019-11-21T23:43:27Z,这样做得糖色会苦，这个问题这样解觉？ 谢谢,0,0,WonderLand MySteve
2019-11-21T23:40:39Z,天天让大伙儿收汁 又不给大伙儿吃😓,0,0,ben li
2019-11-21T23:38:03Z,这么靓的妹子居然喊人家漆二娃,0,0,刘洋
2019-11-21T23:18:24Z,这个肉吃了会醉吗?,0,0,LI Vi
2019-11-21T23:16:12Z,做的太好了，这个颜色,0,0,1只喝
2019-11-21T23:13:32Z,那么多白酒,0,0,Xiaowei Jia
2019-11-21T23:00:43Z,Queria acompanhar o processo de secagem dos patos !!,0,0,nemesio sanguine
2019-11-21T22:57:42Z,这个少放的点油，比我想象的要多好几十倍。。。,0,0,Chenfeng Wu
2019-11-21T22:49:54Z,一直有个问题总忘记问王刚大神， 去‘浮沫’的动作很重要吗？ 去浮沫和直接盛出来然后用清水冲干净的效果有没有不同？谢谢,0,1,夜阳
2019-11-21T22:41:13Z,放两瓶茅台阔不阔以？,0,0,jingrong chen
2019-11-21T22:32:40Z,锅怎么洗？,0,0,ROSE D
2019-11-21T22:28:01Z,請問王剛師傅，為什麼內地(全國)再煮猪肉時，毐次都要燒皮，或是烤皮呢？我們台灣都沒有這樣處理，請您解析，謝謝您。,0,3,馬俊龍
2019-11-21T22:19:22Z,"Great work, Chef! I love the countryside setting.",0,0,SC TV
2019-11-21T22:17:12Z,It's nice to see you working with your uncle in the kitchen. The food looks delicious.,12,0,leonnights19
2019-11-21T22:12:19Z,很想在灶上帮你装一台顶吸式强力抽油烟机,0,0,莱斯菲尔德
2019-11-21T21:37:10Z,11:42 邪神在旁边吞了几口口水,0,0,Xing Brinksley
2019-11-21T21:30:49Z,這個如果再配上一碗白飯，我們台灣管它叫【爌肉飯】,0,0,Mao Sheng Yu
2019-11-21T21:13:49Z,切麻将大小……嗯,0,0,木斤析析
2019-11-21T21:05:21Z,大伙儿不觉得不对劲吗？作为一个专家级的厨师长，他出现的背景舞台不应该是某某星级酒店厨房吗？最近的视频连续都是户外。而且连续好长时间没有改变了。 难道...🐱,0,0,Dk
2019-11-21T21:03:08Z,我做红烧肉步骤跟刚哥一样 开心,0,1,Vito J
2019-11-21T20:55:54Z,I'd love to know how you clean your chopping board.,4,2,6oodfella
2019-11-21T20:49:39Z,漆二娃是老婆的意思？,0,1,Chao Shen
2019-11-21T20:49:02Z,按照国内猪肉的价格，这是炒了一锅人民币啊……,0,0,Rita Sun
2019-11-21T20:41:19Z,不愧是火云邪神，肉夹起来不吹直接吃，真是无情铁嘴。。。 吃完这碗红烧肉出门被交警抓酒驾拘留15天 XD,0,0,zy107
2019-11-21T20:39:43Z,这个盐要掌握好，不能太咸不能太淡（王师傅随手抓了两把盐）嗯，刚刚好。。。,0,0,dandange
2019-11-21T20:29:14Z,周围好多北方人看到我做红烧肉冰糖炒糖色都大惊失色好似我在放砒霜似的，我想知道他们真的知道什么是红烧肉吗。。。,0,0,XMzz
2019-11-21T20:27:53Z,Wonderful recipe!,2,0,Havok
2019-11-21T20:24:08Z,I don't know how i got this channel but i like it! I wish i could understand something about they talk or comment! Anyway! Is nice to watch how he makes everything!,1,2,Omaravilloso Lo
2019-11-21T20:23:58Z,漆二娃和王刚是什么关系？,0,0,毛佳
2019-11-21T20:19:46Z,火云邪神 好可爱啊。哈哈哈,0,0,周圣力
2019-11-21T20:15:32Z,在国外常看刚哥的视频，不断学习。,0,0,zhongsheng gu
2019-11-21T20:15:30Z,很像达文西,0,0,CJ
2019-11-21T20:15:04Z,火雲邪神這頭髮是在發功嗎？,1,0,田哥
2019-11-21T19:45:34Z,没有妹子烧火的同学可以不用烧了  直接生啃,0,0,曾尔
2019-11-21T19:01:34Z,刚哥赚钱了 都穿菲拉格慕了,0,0,佛罗伦萨自干五-网红脸传媒-
2019-11-21T18:53:23Z,Bota legenda em português pois olho todos os seus vídeos e morro de curiosidade. Para saber o nome dos temperos que você usa parabéns deve estar delicioso,1,0,Celular Multilaser
2019-11-21T18:52:38Z,你旁边站的是火云邪神么？,0,0,王尼古拉斯
2019-11-21T18:47:19Z,凍過在用火燒後面又泡兩次水 阿有凍跟沒凍一樣啊 其實只要到夠力 下手夠快夠準 切起來的刀口就很好看了,1,0,浮游
2019-11-21T18:40:16Z,"Всегда с интересом смотрю твои видео. Очень интересно. И, наверное вкусно!",0,0,Dmitry Nazarov
2019-11-21T18:39:22Z,小时候最喜欢吃这个了。要做给女儿尝下。,0,0,flaminglotus11
2019-11-21T18:38:35Z,内心要有多强大才能一个人在国外吃着过夜的Pizza看这种视频。。。,313,30,Tian Tian
2019-11-21T18:38:13Z,Молодец! Хорошо! Главное семья. Он всегда поддержат!,0,0,Dmitry Nazarov
2019-11-21T18:28:20Z,6斤猪肉，刚哥有钱人,0,0,Yu G
2019-11-21T18:27:27Z,汽油喷？可以吃,0,0,中铁
2019-11-21T18:25:12Z,漆二娃靴子好评!,0,0,Andy Wang
2019-11-21T18:25:04Z,5:42 只能看到蒸气，看不到人了，非常有感觉。,2,0,JinSimply
2019-11-21T18:20:48Z,王剛的油少放點  對我來說叫放太多油...,0,0,墨禹
2019-11-21T18:15:42Z,感谢厨师长。,0,0,lucky zhang
2019-11-21T18:07:56Z,妹子又出现了。。,0,0,Jun lang Chen
2019-11-21T17:58:10Z,肉還沒燉好時，火雲邪神看著肉，滿眼都是好想吃好想吃好想吃wwwwwww,1,0,Mazarine Lu
2019-11-21T17:57:22Z,建议这厨房安装抽油烟机,0,0,Junxiu Huang
2019-11-21T17:52:46Z,鋼絲球技術是學超小廚嗎哈哈,1,0,八卦娛樂爆料傳媒
2019-11-21T17:49:15Z,"Greetings from Poland, mate.",3,0,terletzky
2019-11-21T17:45:44Z,0408好可愛,0,0,莊佳霖
2019-11-21T17:44:08Z,警察叔叔，我发誓，我没有喝酒……,0,0,Xiaojun Li
2019-11-21T17:41:21Z,刚哥 en桃肉 为啥子叫en桃肉 加的是红糖不是冰糖哈 你这个有点不正宗了,0,1,chen wu
2019-11-21T17:35:18Z,一个火云邪神，一个倒霉娘们儿，真碍眼,1,0,Super Hero
2019-11-21T17:35:07Z,還是需要邪神出馬！,1,0,榊原小平太
2019-11-21T17:29:31Z,斧头帮全体同仁表示要去砍邪神的发型师…！,2,0,爹中爹
2019-11-21T17:27:47Z,知道吗？我一直看老头的脑袋的后面的那几根毛！太有个性了！,0,0,小心背后有人
2019-11-21T17:26:26Z,这白酒多少度，会不会吃晕呀,0,0,longping huang
2019-11-21T17:25:09Z,身在英国看着那两斤白酒被劝退,0,0,李阳
2019-11-21T17:19:43Z,11:05 火云邪神不怕烫 是烫怕了他,4,0,Terence Chang
2019-11-21T17:16:31Z,睡前看真是自討苦吃(^_^;),3,0,Lanny Liu
2019-11-21T17:15:20Z,我一直有个疑问 这么大的锅里面的水怎么倒掉呢？？一勺一勺接出去吗？？,0,0,Anderson Zhou
2019-11-21T17:13:32Z,火云邪神打醉拳！,0,0,Spirit0619 R
2019-11-21T17:10:38Z,这个看准时机我有点懵逼,0,0,陈浩
2019-11-21T17:10:29Z,Càng ngày anh càng gầy hơn đúng không?,0,0,Louis Nguyễn
2019-11-21T17:08:47Z,我們家做法會再加泡軟的乾香菇,0,0,Iron Fly
2019-11-21T17:08:32Z,你胆肥哦.敢在国内用YouTube软件.你不怕有关部门查你水表?,0,0,光辉岁月
2019-11-21T17:07:56Z,邪神与二娃比可爱,0,0,S Alma
2019-11-21T17:05:19Z,漆二娃好可爱 哈哈哈,0,0,Jiyang Hao
2019-11-21T17:04:05Z,继宽油之后推出宽酒,154,0,馬德高
2019-11-21T17:02:03Z,好菜費酒,0,0,西門丁
2019-11-21T17:00:26Z,有點好奇為何要把肉的表面燒到烤焦之後在刷洗掉，這好像是處理豬肉的標準流程，常常看到別人這樣做，想知道這樣做的目的和效果是什麼,0,3,fennecJ
2019-11-21T16:48:18Z,如果是冻肉自己会出水,0,0,大爷你
2019-11-21T16:46:36Z,半夜不能看這期影片！！！,0,0,楊采薇
2019-11-21T16:45:51Z,我记得有说过 星期几是新片 星期几是久片 我忘了,0,0,Tham Triston
2019-11-21T16:41:28Z,火云邪神现在成了王刚的助理,0,0,kelly xia
2019-11-21T16:39:44Z,二娃真可愛~ 啊不對! 是這肉真好吃!,8,0,punk mako
2019-11-21T16:37:46Z,漆二娃都穿的好好看哦 不像農村的女孩哈哈哈,1,1,董祺駿
2019-11-21T16:37:27Z,邪神都不怕燙啊,0,0,Lawliet
2019-11-21T16:34:29Z,要不得打醉拳哦 我们还想多活两天撒,0,0,Chung Tu
2019-11-21T16:33:33Z,二娃很漂亮,0,0,鄭力仁
2019-11-21T16:33:01Z,老爷子有点头像火云邪神,1,0,Jacob Han
2019-11-21T16:30:07Z,这菜吃了开车应该算是酒驾吧？,0,0,Andy Wong
2019-11-21T16:22:57Z,看起來超美味,0,0,斯科菲爾
2019-11-21T16:20:15Z,你四伯爷和节目很搭,6,0,吃了睡睡了吃
2019-11-21T16:20:09Z,这和李子柒的风格有点像啊,0,0,albert ong
2019-11-21T16:19:11Z,六斤半肉，200块钱，。现在这肉是真吃不起。,0,0,Mirage Liu
2019-11-21T16:17:57Z,这种农村大锅怎么洗,0,0,崔Ben
2019-11-21T16:16:50Z,为什么我会在凌晨看这个视频，哭了,0,0,大光头
2019-11-21T16:16:29Z,沒有味道是什麼意思？,0,0,Mt Lai
2019-11-21T16:13:08Z,看見都想吃 口水往肚裡吞,0,0,陳静宜
2019-11-21T16:10:26Z,丝袜真的不错。,0,0,夺子
2019-11-21T16:04:03Z,第一次听他说少放油 润到锅就行了 😂,23,2,Zhiyuan Lyu
2019-11-21T16:01:09Z,真不烫吗？？夹起来马上放进嘴里,0,0,日常煮菁實錄
2019-11-21T15:59:37Z,火都烧不燃还说自己是农村人 哈哈哈哈 72娃的表情太可爱了！！！！,284,13,Richard Yang
2019-11-21T15:58:34Z,鋼絲球技術,0,0,邱皓
2019-11-21T15:56:47Z,漆二娃是女票嗎,0,1,fann0727
2019-11-21T15:56:09Z,可否以砂糖炒出糖色?,0,0,Xu Jk
2019-11-21T15:55:27Z,"""看准时机“那一下太可爱了😂",0,0,kelly Jin
2019-11-21T15:55:21Z,二娃，你真美啊，比那个会计网红强多了,0,0,谭善稳
2019-11-21T15:52:47Z,看師傅煮 就很想吃哈哈,0,0,昱銘陳
2019-11-21T15:52:47Z,四伯爺滿心期待地看著🥺  真有趣😊❤️,7,0,Y.J. Yen
2019-11-21T15:50:16Z,那麼大的鍋怎麼洗啊?,3,2,Wynn Lee
2019-11-21T15:50:01Z,那个油肯定是村里鲜榨的那种没过滤过的，老香了。 小时候在姥姥家村里尝过，好怀念那个味道,1,0,DONGYI WANG
2019-11-21T15:49:38Z,火雲邪神,0,0,金正恩
2019-11-21T15:49:27Z,前几天才看完老饭骨炒糖色做海参 今天就看见厨师长炒糖色做红烧肉了,0,0,T zwcard
2019-11-21T15:49:07Z,感謝師傅分享教導。這肉可送幾碗白飯。,1,1,Jacques Tsang
2019-11-21T15:48:34Z,"原来糖色是没有味道的吗?我每次炒糖色要么是甜的要么是苦的,很容易炒焦",0,0,Kevin Jin
2019-11-21T15:44:15Z,每次看王剛的影片都好想把手伸進螢幕抓菜來吃,0,0,Luyilu Chen
2019-11-21T15:43:40Z,王刚花边小坎肩哪来的？比较吸睛啊,0,0,jessie liu
2019-11-21T15:43:31Z,感觉最近刚哥的菜好像和老饭骨的菜互相较劲呢。,0,0,timm
2019-11-21T15:43:14Z,3:41 二娃表示：好der,4,1,猴溜KEN
2019-11-21T15:41:29Z,這時候看真的是煎熬...餓了,0,0,MengShu Wu
2019-11-21T15:41:18Z,04:08生氣氣，嘟嘴,19,0,陳小樂
2019-11-21T15:41:08Z,要得 安逸,0,0,備劉
2019-11-21T15:40:39Z,這菜我可以配10碗白飯,4,1,李岡霖
2019-11-21T15:38:44Z,恩桃肉,0,0,Joey L.
2019-11-21T15:37:46Z,那能买到这么大块的冰糖o.o 3:23,0,0,Zihao Zheng
2019-11-21T15:34:47Z,漆二娃 越看越可愛 大哥，她單身嗎？,0,0,鄭先生
2019-11-21T15:34:32Z,I love the uncle :) .. he's so supportive   .. although I do not eat pork and understand chinese.. I love watching your videos Chef! :)   Thank u for the  hardwork.. you and  Your team ..  You inspired me to cook with passion ..,71,3,day zed
2019-11-21T15:31:49Z,没有技术总结了嘛……,0,0,qin yang
2019-11-21T15:31:18Z,哈哈终于吃上樱桃肉了,0,0,Joe Jiao
2019-11-21T15:31:15Z,4:18抓包 老酒鬼,0,0,SUPREME SYMPHONY
2019-11-21T15:30:44Z,我也要在家裡試試看做這一道,0,0,宇佐美瀨樹
2019-11-21T15:30:08Z,大户人家呀，六斤半的二师兄,1,1,lily1 qin
2019-11-21T15:28:05Z,看到爷爷吃了我口水都流出来了....,2,0,Edward Lee
2019-11-21T15:26:55Z,我看了才知道原來這鍋是燒材的，除了看武俠劇以外，還是第一次看到現實世界裡需要燒材的鍋子…,0,2,吳代摯
2019-11-21T15:21:25Z,王刚师傅像不像外星人？,0,0,ville venho
2019-11-21T15:19:44Z,感覺水煮加點蒜蓉醬就很好吃了,2,2,87是你
2019-11-21T15:19:23Z,所以我說 邪神什麼時候會打醉拳了....,0,0,Nery -
2019-11-21T15:15:26Z,原来Homer Simpson的原型是四伯！https://en.wikipedia.org/wiki/Homer_Simpson,0,0,Eyetoobur
2019-11-21T15:14:42Z,火云邪神烧火技术一流,0,0,w w
2019-11-21T15:11:49Z,不错，很下饭。,0,0,Feiji Da
2019-11-21T15:11:12Z,酒放那么多小孩能吃吗?,0,0,Woonthong Sai
2019-11-21T15:08:14Z,I love uncles hairdo!!,0,0,Darnnell Harris
2019-11-21T15:04:50Z,炫富,0,0,Hanna Y
2019-11-21T15:04:45Z,一个字香,0,0,shuai tong
2019-11-21T15:01:40Z,Told you guys uncle is a hidden ancient kungfu master :)   first he have sword skill now he know drunken first :)),2,0,Ded Insai
2019-11-21T14:55:12Z,没有技术总结，差评！ 吐槽白酒不够，笑话徒弟不会烧火，倒是有几处自夸的，什么看准时机啦，刚刚好啦，等等等等。,5,1,Mike Smith
2019-11-21T14:54:52Z,王刚老师在老家做菜反而有些拘谨了,9,1,马拉维捕蛙人峰哥
2019-11-21T14:50:28Z,妹子.做老婆太好了.,0,0,la cu
2019-11-21T14:49:12Z,四川的坨子肉,0,0,Fai Yip
2019-11-21T14:48:23Z,能不能讲点新菜，换个锅炒冷饭真没什么意思…,0,0,Zichan Wang
2019-11-21T14:48:12Z,配飯了,0,0,風間博士
2019-11-21T14:47:12Z,王刚联合火云邪神？？？？,0,0,tao li
2019-11-21T14:45:20Z,王剛能去美國參加廚神當道嗎,1,1,許宗凱
2019-11-21T14:43:36Z,火雲邪神突然發功🔥🔥🔥 嚇了我一跳😱😱😱 😅😂🤣,13,0,龍王
2019-11-21T14:42:43Z,二娃❤️,0,0,劉書宏
2019-11-21T14:41:23Z,周末就烧,0,0,托卡马克
2019-11-21T14:34:38Z,切成麻將大小在刻花，這樣一道麻將紅燒肉就完成了。XD,0,0,陸仁賈
2019-11-21T14:33:10Z,多讓火雲邪神表現一下效果會更好，火雲邪神會成網紅的！,4,0,莊一刀
2019-11-21T14:32:31Z,从美食作家变成四川话老师频道,1,0,dofu trofu
2019-11-21T14:30:58Z,英国这里的猪肉都是没放血的，一股骚味难吃死了。好想回家吃肉啊啊啊啊啊啊,0,4,Bob The Builder
2019-11-21T14:30:46Z,挖靠 直接抓肉不怕燙 露出馬腳啦 火雲邪神!!,0,0,gogoqaz
2019-11-21T14:30:20Z,乾醉了好打醉拳，邪神真的狂連醉拳都學去啦,0,0,Money
2019-11-21T14:29:54Z,四伯的发型不错,0,0,Little Seven
2019-11-21T14:18:04Z,真的。。。。好烟哦！,0,0,Jessica Ooi
2019-11-21T14:17:19Z,有点毛式红烧肉的意思 传说毛主席不吃酱油，任何黄豆制的酱都不吃 所以帮毛泽东煮饭的厨子就特别做了1道不放酱油的红烧肉,1,1,Cheng-Ly Yi
2019-11-21T14:14:02Z,这下搞不了宽油了,0,0,Michael Wolf
2019-11-21T14:13:24Z,這五花肉...  好肥,0,0,Guo Eden
2019-11-21T14:11:40Z,那时候猪肉切好了，漆二娃还说要向师傅申请留下二刀肉和五花肉做菜。小漆毕竟太年轻了。。。 结果是，王师傅自己留起来做菜拍视频。,0,0,Alfred Khew
2019-11-21T14:11:29Z,火雲邪神燒火是用內功的 當然快XD,3,0,李阿輝
2019-11-21T14:10:30Z,厨师做错了。 肉必须放在沸水中。,0,1,Marcello DeMarco
2019-11-21T14:08:28Z,這集看得我視線模糊🌚,1,0,カレーカレー
2019-11-21T14:07:48Z,干醉了 打醉拳😂,0,0,ICE Water Turn Atlantic
2019-11-21T14:04:22Z,漆二娃的手冻了，想起了我小时候，，,0,0,Artie Deng
2019-11-21T14:03:49Z,His apron...😁,0,0,Hồng Nguyên
2019-11-21T13:59:50Z,方太 Fotile 的员工们，看到这集视频，快快请您的老板赞助一台油烟机吧，刚哥都快被熏晕了，也影响视频品质，快马加鞭，别被其他品牌捷足先登哦,0,0,Ng Yewsiang
2019-11-21T13:57:29Z,牛逼啊，平常家里做肉都是一小块，王师傅一做直接用了半个猪,0,0,Dust M
2019-11-21T13:56:06Z,原諒我都一直注意二娃~ 剛哥廚藝真不錯!,8,0,譚柏強
2019-11-21T13:49:17Z,不愧是我大火雲邪神，剛起鍋的肉直接往嘴裡放XD,99,2,stu不發廢文ㄌ
2019-11-21T13:46:46Z,火雲邪神打醉拳這不是要風雲變色,10,1,CrimSTura
2019-11-21T13:43:10Z,enter肉！,0,0,Scratch Chu
2019-11-21T13:41:05Z,大家互動很自然很可愛,0,0,Jelly Chang
2019-11-21T13:40:47Z,在台灣一邊吃著自己做的缽缽雞配伏特加，一邊看川菜師父做著偏台式的料理，這心裡的感覺還真妙......,4,4,C
2019-11-21T13:38:20Z,2斤白酒，不可能完全挥发了，还老人孩子吃。。。,0,0,Andy Zhang
2019-11-21T13:38:04Z,学了一手，不放酱油做红烧肉！,0,0,Qian Zhao
2019-11-21T13:37:05Z,萬能的指甲,0,0,林獎
2019-11-21T13:31:05Z,王師傅：這個鹽量一定要掌握好，不能太鹹也不能淡...（隨便倒了幾下)... 好，剛剛好！ 我：？？？？,532,28,J K
2019-11-21T13:30:12Z,家里有冰柜的人,2,0,自自冉冉迎新春戰戰兢兢過大年
2019-11-21T13:26:36Z,沒得都嘛 這句話是什麼意思啊？有同學知道的嗎,1,2,Damien Wu
2019-11-21T13:25:55Z,这么一大锅肉。我都快忘了猪肉是什么味道了😄,0,2,张逸飞
2019-11-21T13:25:39Z,今天的围裙有点特色,0,0,李猛
2019-11-21T13:24:47Z,5:21 “这个油要少放一点”,5,0,yOrK1942
2019-11-21T13:22:15Z,邪神现在就是镇视频的镇山石,0,0,杯酒览天下
2019-11-21T13:22:06Z,哎，这么新鲜的农家猪肉就被这个”焯水“的动作给浪费了（并且让猪肉内面附有不应该的水份），把猪的味道都搞没有了（为什么还要吃猪肉）。 直接生炒就能上色并且无需添加其他食油，生炒能逼出本身的猪油。 如果说怕腥味，我看王师傅也已经加了极多的生姜、葱、八角等调料，已经足够去腥！ 如果说做一道美食，没有原汁原味的话，那么像这样吃到的只有调料味。,0,0,Mark Levinsen
2019-11-21T13:20:10Z,用这么多白酒炖猪肉 这道菜的成本够高的了,0,0,FF XX
2019-11-21T13:19:55Z,二娃是王刚妹妹还是老婆？,0,1,Jim J
2019-11-21T13:16:41Z,愛邪神人數🥰🥰 👇👇,2,0,Way J
2019-11-21T13:15:19Z,這個色澤，我應該可以配好幾碗白飯，流口水中,1,0,魔妖妖
2019-11-21T13:15:18Z,邪神四伯爺...用眼一瞪就知道6-7斤... 太神啦...😂😂👍👍😍😍🙏🙏,17,1,Way J
2019-11-21T13:13:30Z,這跟我姑姑做的超像,0,0,ying h
2019-11-21T13:12:27Z,看了紅燒肉肚子好餓惹,1,0,毛弟
2019-11-21T13:12:02Z,好肥的手掌,0,0,蒟蒻
2019-11-21T13:11:01Z,二老婆真漂亮,0,0,L In
2019-11-21T13:11:00Z,請問把肉冷凍會不會影響肉的口感呢?,0,1,Archie Lee
2019-11-21T13:09:49Z,剛哥再早一點發，我就能配飯了😢,14,0,壓力山大
2019-11-21T13:08:05Z,邪神伯爺打醉拳,0,0,uuu
2019-11-21T13:03:00Z,一定很好吃,1,0,YC Chung
2019-11-21T13:00:51Z,想娶二娃回家了🤣太可愛了,2,0,Marijuana Somke
2019-11-21T12:55:59Z,跟我家的控肉一樣作法,3,0,范弘均
2019-11-21T12:51:44Z,啥配菜都没有啊。。。江浙这边都放豆皮做的百叶结和卤蛋，我觉得更好,1,2,Riverton Cooper
2019-11-21T12:48:17Z,希望我的美食视频也能这么受欢迎~~~加油~~~,0,0,锅小萌
2019-11-21T12:46:55Z,น่าอร่อยจัง ประเทศไทย,2,0,Jit Tree
2019-11-21T12:46:43Z,你二伯 那两根毛真的笑到我了,0,0,dearfather his
2019-11-21T12:46:23Z,二娃好可愛哈哈 4:06,0,0,David Wang
2019-11-21T12:44:10Z,好希望伯伯把有发剃掉，可能更帅气一些,0,0,Mr. light
2019-11-21T12:43:36Z,聽聲音就覺得刀好利......,0,0,jenny yo
2019-11-21T12:43:20Z,大师，能不能把白酒换成啤酒啊？,0,0,ong yong xiang
2019-11-21T12:42:52Z,4:08 本想頂嘴 但想一想是師傅 只好作罷 😂,46,1,gyman978
2019-11-21T12:41:54Z,换酒量好的师傅，需要再配2斤白酒，以便在那40分钟里消磨时光！,0,0,J M
2019-11-21T12:41:12Z,四伯的眼睛就没有离开过那红烧肉，吃到嘴里开心的不得了,0,0,翁秀云
2019-11-21T12:40:28Z,"у меня снега по колено, сугробы, -30, а там лето, ппц, какой город, какая параллель ww)",1,3,Dmitriy Leonov
2019-11-21T12:36:07Z,二娃跟着刚哥混，也不找个婆家~准备终身为奴么？哈哈哈,0,0,Sevening Cluck
2019-11-21T12:34:17Z,刚哥是不是跟漆二娃在一起了,0,1,鸡皮Allen
2019-11-21T12:33:53Z,油煙機.裝一下如何.我看著看著都在陝油煙了..哈哈!!,0,0,羅文鴻
2019-11-21T12:31:54Z,I enjoy the family cooking together very much  ! Long happy life to all of you 👍,6,0,hairnsap
2019-11-21T12:31:25Z,今天就买肉做起来，就是没有白酒，不知红葡萄酒可以吗？,0,0,christina Zhu
2019-11-21T12:30:41Z,小时候心心念念的樱（en）桃（te）肉终于来啦😄,0,0,Q Leo
2019-11-21T12:29:41Z,好奢侈啊😍,0,0,亻尔女未
2019-11-21T12:28:12Z,二娃是榮縣的嗎？,0,0,Steve Lee
2019-11-21T12:26:34Z,"Thank you for the recipe, chef Wang 👍🏻",2,0,Smoke The Joke
2019-11-21T12:25:58Z,妹子被剛哥說嘴的表情  讓我戀愛了,2,1,悠遊人生
2019-11-21T12:25:46Z,這紅燒肉有媽媽  的味道 。 謝謝王師傅  的分享 。,2,1,康世榐
2019-11-21T12:25:44Z,二娃說話的腔調跟做事情的樣子 真的太        可愛了吧(๑´ڡ`๑),21,2,亮亮
2019-11-21T12:24:55Z,问一下四伯父，周星驰最后到底有没有教你如来神掌?,0,0,曾崇志
2019-11-21T12:24:50Z,不愧是🔥☁️邪神！,0,0,K D
2019-11-21T12:23:38Z,王刚师傅，我没看过 ‘烧火’ ，可不可以给我们看？除了柴，什么可燃，什么燃不起，怎么控制火候，快速升火、降火、灭火，不同的柴会影响食物的味道吗等等等 😬😬😬。🙏🏼🙏🏼,0,2,MuthuSweetie
2019-11-21T12:23:24Z,火，火云，邪神??! 哪儿呢我怎么没，，，好，，，嗯看到了。,0,0,H Zhang
2019-11-21T12:22:46Z,我好像闻到肉香了，你们闻到了吗,1,0,李峰
2019-11-21T12:22:21Z,圍裙可愛,0,0,m84313
2019-11-21T12:21:44Z,火雲邪神要穿西裝才會更有型 ~~~,0,1,張先
2019-11-21T12:21:13Z,难道就我一个人看出了女装大佬的厨师长的少女心吗！？,0,0,Q
2019-11-21T12:19:46Z,大口吃肉 爽   我也有拍美食 不过是户外的喜欢户外美食可以来吐槽啊😁,0,0,野厨食记
2019-11-21T12:19:15Z,要得,0,0,cc u
2019-11-21T12:18:38Z,Anh có bản dịch tiếng Việt nữa thì rất hay👍👍,0,0,Hau Lam
2019-11-21T12:18:01Z,肉差不多了!我餓的也差不多了! 先來覓食告辭!,18,0,Jamie
2019-11-21T12:15:35Z,6斤半，吃不起了~,0,0,Lin Yuan
2019-11-21T12:15:18Z,"Хорошо салат успел нарубить с помидор,лучка и огурчика да в прикуску включил видео.Чуть слюной не захлебнулся!",0,0,Sergey Laperdin
2019-11-21T12:11:32Z,王刚老师您好，我想请问一下，十几年前农村办宴席的时候，餐桌上的的”烧白”怎么自己在家做呀？ 我也是四川的 我特别怀念那个味道，在城市也慕名去吃了一些，但是完全不对味。希望王刚老师能够解惑，感激不尽！ 要是朋友们愿意送我上去就更好了,417,31,结构力学
2019-11-21T12:10:32Z,这围裙挺有喜感,0,0,Louis Yu
2019-11-21T12:08:44Z,刚弟，应该再放点鹚菇,0,0,苞谷地里的故事
2019-11-21T12:08:44Z,不喜歡吃豬肉的同學可以不放，一道美味的四川櫻桃就做好了,37,0,zhexu wang
2019-11-21T12:08:15Z,72娃又漂亮了,0,0,易立
2019-11-21T12:07:27Z,最喜歡看火雲邪神食評！,5,0,李時珍
2019-11-21T12:06:51Z,好大的烟，不了解状况的会以为厨房着火了😂😂,1,1,Wei Wang
2019-11-21T12:03:53Z,灶煮飯，真功夫啊……火侯 時間  拿捏是門功夫，煮食物更不用說了,4,3,江南震
2019-11-21T12:02:55Z,美美的肉,0,0,May Woo
2019-11-21T12:02:32Z,土菜油,0,0,苞谷地里的故事
2019-11-21T12:02:21Z,師父，學生前來報到……,0,0,李修緣
2019-11-21T12:02:17Z,邪神吃完后一脸满足 一直说好吃 哈哈哈,0,0,Dario U
2019-11-21T11:59:39Z,小狗好可愛!,12,0,林琨皓
2019-11-21T11:59:33Z,4:02 給二娃一個鄙視的眼神....笑死了..,12,0,天天混混
2019-11-21T11:59:14Z,可香可好吃咧 ！！,0,0,夕陽
2019-11-21T11:58:56Z,六斤豬肉，剛哥好壕,0,0,金釵魔女
2019-11-21T11:55:52Z,買不起豬肉的同学可以用自己身上的肉代替,0,1,LIN Man-yip
2019-11-21T11:55:49Z,超小厨的钢丝球技术真的好用，我试过,0,0,Song Kai
2019-11-21T11:54:40Z,废话少说，把火点上,0,0,Xuan Ni Ho
2019-11-21T11:54:25Z,四伯好開心😍,4,0,Joan Chang
2019-11-21T11:53:51Z,7:38  王剛：看準時機 我：？？？（霧茫茫一片）,295,8,Hui Chiu
2019-11-21T11:52:21Z,四川人 炒=炸,0,0,Ceis
2019-11-21T11:52:14Z,这头猪肉还没打发掉啊,0,0,z z z z z z z z z z z
2019-11-21T11:51:52Z,0:18 邪神不跟你543的 拿起來就是開幹,35,3,這是一隻間諜小馬
2019-11-21T11:51:39Z,臺灣的做法都會放點醬油一起燒，感覺沒放醬油，少了一種醬香味。,0,0,HC L
2019-11-21T11:50:45Z,剛哥的少油，就是你全家的油。哈哈。 好多酒，正。,165,0,Passenger
2019-11-21T11:50:36Z,我要跟漆二娃結婚,0,0,Lam Daniel
2019-11-21T11:44:59Z,0:17 邪神不和你多bb直接上火,8,0,Ooo Iii
2019-11-21T11:44:31Z,祝四伯身體健康 也希望四伯不要因為一些綽號勉強自己,0,0,26 呂理弘
2019-11-21T11:43:50Z,二娃被批评了w,1,0,達磨
2019-11-21T11:42:21Z,旁邊的老伯伯名字叫做”季根發“（幾根發）。,21,2,卅普
2019-11-21T11:40:45Z,有人告訴我，二娃跟師傅是什麼關係？,0,1,Kit Tsang Wong
2019-11-21T11:39:48Z,牛肉 行不行啊？ 同學 🤔,0,0,田小麥
2019-11-21T11:38:52Z,突然覺得後面的風景很像p上去的感覺,0,2,天炎斬風月
2019-11-21T11:38:46Z,喜歡這個風格，其實真的不用太急,29,0,Den D
2019-11-21T11:38:22Z,什么时候黑衣人能来客串一下,0,0,三立LIVE新聞
2019-11-21T11:38:00Z,Hi chef. Love your videos here in Portugal. Show us lobster,0,0,Márcio Martins
2019-11-21T11:37:53Z,刚哥 白酒有点猛了吧 不会醉吗？,0,0,李忠泽
2019-11-21T11:37:14Z,起立! 这个shai好~~,0,0,Trump 2020
2019-11-21T11:36:40Z,自己殺的豬比較便宜 不然現在豬肉'漲價嚇死人囉....,0,0,roro ke
2019-11-21T11:35:46Z,請問那種大鍋要怎麼洗?是整個拿出來嗎?,0,2,人可月巴
2019-11-21T11:35:32Z,开头邪神就迫不及待地玩起来火🔥,36,0,A骥
2019-11-21T11:35:24Z,刚子的少放一点总是要一大碗,0,0,Tanxiao Wang
2019-11-21T11:34:23Z,肥肉一定要燒得軟軟糯糯的才好吃，不能夠還有硬硬的肥油，否則吃起來會很噁心。,10,1,Ruby Yang
2019-11-21T11:33:59Z,為什麼二娃那麼好看那麼可愛呢.....,4,7,CHING-HSU HSIEH
2019-11-21T11:32:00Z,"Ok, where is chef Wang's restaurant?",0,3,Dokramuh
2019-11-21T11:31:08Z,四伯真的很可愛！,2,0,Kelly Lau
2019-11-21T11:30:42Z,二娃好會穿搭,0,0,洪良太
2019-11-21T11:29:39Z,鹽太早下，瘦肉的部份不會硬掉？,0,1,JACKY
2019-11-21T11:29:30Z,这顿红烧肉成本以现在物价算应该在250元以上。哈哈。,0,0,Wei Fu
2019-11-21T11:26:29Z,剛哥不對啊！，切肉怎把專業攤主四伯，涼在那裡，應該讓四伯，表現，表現,45,3,chang vita
2019-11-21T11:25:54Z,Бля... Как долго заморачиваться. Засолить на сало и делов то,3,4,пипец таврический
2019-11-21T11:25:21Z,说实话，农村地锅炒菜要比城市的燃气灶好吃多了……,11,8,陈文辉
2019-11-21T11:23:47Z,色香味都有，四伯+美女，本集完美!!,10,0,劉香瓜
2019-11-21T11:23:22Z,我记得樱桃肉是放红曲的，而且是要用篦子蒸,0,0,张新科
2019-11-21T11:21:12Z,来人，宽饭伺候,0,0,Yujie Jin
2019-11-21T11:19:46Z,抓到了！是在酒裡羼水的黑店！,0,1,涂家瑞
2019-11-21T11:19:25Z,安逸,1,0,cheng lin
2019-11-21T11:19:04Z,炫富,0,0,xiao mao
2019-11-21T11:18:45Z,噗~~噗~~噗  這個叫少放點油。。。。,0,0,Thomson X
2019-11-21T11:18:10Z,好大塊的肉肉😌😌想啃（我牙口也不是很好）,0,3,林昕妤
2019-11-21T11:14:22Z,一开始被邪神一言不发就突然开始喷火笑到。。。居然要放这么多酒，第一次见识,38,1,Yi JIANG
2019-11-21T11:14:16Z,5:20 我眼睛大概是有点问题。 我默默的看着刚哥小心翼翼的倒了一碗油进锅说：刚开始这个油要少放一点......,13,7,yuliang
2019-11-21T11:13:52Z,刚哥这牙笑起来真白,0,1,Js X
2019-11-21T11:12:52Z,原來不止櫻桃鴨也有櫻桃豬肉,0,0,舞食男popping
2019-11-21T11:12:52Z,四伯提到打醉拳就暴露了。,0,0,Yes Sir
2019-11-21T11:12:43Z,3:39  我還以為是抓馬！！！ 邊看邊剪指甲嚇我一大跳 差點剪到肉Orz 神之feat(？),0,3,陳毓傑
2019-11-21T11:12:14Z,剛哥換圍裙啦,0,0,田霈禎
2019-11-21T11:12:12Z,这一大块肉，两个月收入没了😌,0,0,jiang .nick
2019-11-21T11:11:54Z,好嫩 手,0,0,jinweiwei liu
2019-11-21T11:11:26Z,難得沒有辣的一道菜,14,0,林秉邑
2019-11-21T11:11:06Z,筷子顏色跟鍋子太接近，我以為四伯直接徒手抓肉出來吃....嚇死,0,0,Bird Little
2019-11-21T11:11:02Z,隐隐感觉四伯爷年轻时是非常有故事的人。,0,1,Jang
2019-11-21T11:10:15Z,刚哥看起来越来越成熟，火云邪神大人看起来越来越年轻。,0,0,Daily ASMR
2019-11-21T11:07:11Z,天天在家做饭就可以挣钱，可以的,0,0,寒枫
2019-11-21T11:06:13Z,这是赤裸裸的炫富啊,0,0,Long Kong
2019-11-21T11:05:52Z,3:40 好der～,0,0,Takumi.C拓海
2019-11-21T11:04:37Z,"嫌猪肉贵的同学, 可以用樱桃代替......嫌樱桃也贵的同学, 可以用西北风代替。",1631,59,Michael Harris
2019-11-21T11:04:36Z,想看小漆,0,1,Alinmuke Gulwagiya
2019-11-21T11:03:48Z,邪神四叔的头发有些许潦草,32,1,追光者
2019-11-21T11:03:27Z,👍👍👍👍🐖valeu pela aula!!! chef Wang!,0,0,EURIDES SANTOS DA SILVA
2019-11-21T11:02:00Z,其实我一直很好奇被剪掉的刷锅是怎么刷的0.0,6,6,doublesweetmilk
2019-11-21T11:01:19Z,冻过之后切起来好看？？？ 经过火烧和2次水洗 那和没冻过有什么区别？,0,2,飞天意面
2019-11-21T11:00:10Z,是怎么把大锅里的水倒出来的？假如可以的话 需不需要装抽油烟机？这么大油烟 小心肺癌,0,1,Shen JT
2019-11-21T11:00:00Z,好大一块猪肉，感觉要花好多好多钱才买得回来。,1,1,Sean Shen
2019-11-21T10:59:54Z,邪神：看我兩三下把火給燃上（灌內力,0,0,端木允杰
2019-11-21T10:59:20Z,漆二娃是你的誰啊？,0,1,亞斯伯格症患者
2019-11-21T10:58:43Z,奸商啊，白酒兑水,0,0,Hongyuan Zhang
2019-11-21T10:54:29Z,漆二娃真漂亮,0,0,唯真不破2020
2019-11-21T10:54:14Z,沒用醬油可是顏色燒的好漂亮 見識到了！,24,3,pig781018
2019-11-21T10:53:28Z,邪神打醉拳,1,0,陳龍閔
2019-11-21T10:52:08Z,Việt nam OK,0,0,Lý vp Lê Thanh
2019-11-21T10:51:30Z,05:20 少油....我怎麼覺得還是很多,0,1,Jaing Ting Yu
2019-11-21T10:51:17Z,我正在吃711买来的草。。。真香,2,0,Zedis Dead
2019-11-21T10:50:10Z,哈哈，七二娃的手好胖呼，都有坑,0,0,桃乐猫
2019-11-21T10:49:25Z,“大伙可以看一下这个肉……”……我正打算端详下，吧唧你吃嘴里了……是不是很华农学的,2,0,丁一
2019-11-21T10:49:14Z,每次王刚老师的围裙都少女心满满,65,0,开心哦林吉
2019-11-21T10:47:58Z,4:02 二娃被嗆了XD 邪神的內力兩下就燒燃了,269,4,仙李
2019-11-21T10:47:17Z,老伯伯一副不甚满意的样子，可爱死啦,0,0,刺向黑暗的微光
2019-11-21T10:46:43Z,4:36 不關事，乾醉了好打醉拳XD 不愧是邪神。,414,1,Boss Hank
2019-11-21T10:45:10Z,王剛說要切的跟麻將大小的時候 我腦中就浮現         一桌人拿五花肉打麻將,144,9,Austin Jeng
2019-11-21T10:44:24Z,不是應該有焦糖味嗎,0,4,葉志強
2019-11-21T10:43:27Z,肉放锅里爆的时候，王刚消失在云雾中，很有意境~,0,0,德拉古
2019-11-21T10:42:41Z,11:04 火雲邪神果然功力深厚，完全沒在怕燙的！,6,2,spanishfly0623
2019-11-21T10:41:51Z,這白狗不錯,0,0,大象王
2019-11-21T10:41:41Z,半夜看的我，馋了,0,1,Ke Li
2019-11-21T10:40:54Z,火雲！,0,0,im T
2019-11-21T10:40:33Z,柴火不好控制🤪,0,0,你也上网冲浪啊
2019-11-21T10:40:25Z,四伯爺能吃蔬果嗎？,0,0,Zach Lee
2019-11-21T10:39:51Z,0:17 火云邪神：这娃儿话太多 我先烤了吧,18,0,张梓墨
2019-11-21T10:39:39Z,🏅👍👍,0,0,Alessandro Oliveira
2019-11-21T10:38:56Z,这才是最朴实的中国人，千万不要被各种妖艳网红带偏了。,3,0,仔仔
2019-11-21T10:37:28Z,邪神说吃醉了好打醉拳，邪神果然各路武功样样精通,29,1,chaofan刘
2019-11-21T10:36:54Z,"6:56,炒成火云邪神头顶的颜色。",238,8,Dark Knight
2019-11-21T10:35:23Z,Xarowiye blyudi qatovit.zrya yazik ne znayu...,0,0,Kamil Xru
2019-11-21T10:35:17Z,四伯吃肉的時候看起來好幸福(*๓´╰╯`๓),12,0,Chicken rib
2019-11-21T10:34:20Z,四伯爺得行哦!看就曉得肉有好重。,123,9,羅艷君
2019-11-21T10:33:45Z,用全酒不加水，味道才會鮮 加了水，鮮味會變淡,0,1,陳宏銘
2019-11-21T10:32:46Z,活活馋死我！,1,0,吴某人
2019-11-21T10:32:18Z,這個影片我應該可以配兩碗白飯....,425,9,yy yeh
2019-11-21T10:31:57Z,火云邪神每次都有好多指导意见🤪,54,1,May Lee
2019-11-21T10:31:14Z,How good he is to this recipe...I hope I can cook to other place too so that it can attact more viewers to my channel.,0,0,Christ Life T.V
2019-11-21T10:29:07Z,以前一天到晚吃猪肉，现在猪肉牛肉海鲜换着吃....,3,1,HO RO
2019-11-21T10:28:46Z,学会了 学会了！白酒有点多 下次试下,0,0,Mario Ge
2019-11-21T10:28:16Z,前排占座,0,0,Anne Alex
2019-11-21T10:27:16Z,😂😂😂有声音的封面😂😂😂,1,0,Felicity Lee
2019-11-21T10:27:14Z,中国农村退休老人的生活 ，现在每月领一百块钱的退休金 ，同年龄的公务员退休金每月大几千元甚至过万元 。同样是为中国建设做贡献 ，早期农民交土地税 ，缴公粮，而同期公务员还没有交社保费 。农民退休金比公务员的差太多 ，很多农民七八十岁了还要在地里干活找吃的 ，还要在家带留守儿童，生活很悲惨的 !希望关注退休老农民的生活 !!!,1,1,zhihe zhou
2019-11-21T10:26:34Z,给我一个会说四川话的老婆吧,0,2,Amigo Jose
2019-11-21T10:26:23Z,黃州好豬肉 賤價如泥土。 富者不肯吃 貧者不解煮。 慢著火 先洗鐺 少著水 柴頭罨煙焰不起。 待他自熟莫催它 火候足時它自美 每日早來打兩碗 飽得自家君莫管。 --<蘇軾>,146,25,Eric
2019-11-21T10:24:35Z,餓了,0,0,江建文
2019-11-21T10:24:05Z,How can we burn the skin if we don't have that burner you use?,2,4,Pandan Leaf
2019-11-21T10:24:04Z,一開始還以為王剛穿女裝衣服,2,1,willylau1212
2019-11-21T10:24:00Z,最喜歡王剛背後的環境!有河、有田、有山，好美!,60,9,Liming Rong
2019-11-21T10:23:34Z,你做的菜真的很棒 我建议以后你自己尝过了就不要再倒进锅里 ！影响食欲 ！,0,2,guoqing wei
2019-11-21T10:22:40Z,50块钱一斤的五花肉，都像你们这么吃还不吃穷啊😂,1,3,sybol chris
2019-11-21T10:22:23Z,肚餓時不要睇😂,0,0,Liza Pang
2019-11-21T10:21:07Z,b站看完，再来油管看一遍。。,0,0,Noah Du
2019-11-21T10:19:52Z,"這次的菜是想饞死誰,我還沒吃飯呀",33,0,Lei Mandy
2019-11-21T10:19:43Z,與你分享的快樂勝過獨自擁有,15,0,Pedrohsin
2019-11-21T10:19:37Z,我这里排骨已经40块钱了，好想吃排骨啊。。,1,2,TiM sKolD
2019-11-21T10:18:41Z,Ni hảo,0,0,Vu Dang
2019-11-21T10:17:45Z,爷来了，王刚牛啤,0,0,孙笑川258
2019-11-21T10:17:02Z,邪神の肯定,7,0,charles R
2019-11-21T10:17:00Z,好吃,0,0,lim chiang fong
2019-11-21T10:16:42Z,First ! 😊,1,0,rider23332
2019-11-21T10:16:26Z,未看先猜，用寬油  #傅培梅大師不叫做這種油為寬油,0,2,儒武器磊刀
2019-11-21T10:16:20Z,🙋‍♀️✌️👏,0,0,Liza Pang
2019-11-21T10:15:55Z,火雲邪神心心念念的櫻桃肉ww,967,12,炸柳葉魚
2019-11-21T10:15:51Z,不错，谢谢分享💪,0,0,Max XU
2019-11-21T10:15:18Z,还不是第一?,0,1,James Yang
